,open,close,high,low,volume,time,HA_Close,HA_Open,HA_High,HA_Low
0,30297.8,30406.8,30490.5,30001.5,13486.37,2023-06-28 12:00:00,30299.15,30352.3,30490.5,30001.5
1,30406.8,30084.3,30460.0,29842.5,10076.81,2023-06-28 16:00:00,30198.4,30275.35,30460.0,29842.5
2,30084.3,30066.3,30205.3,29934.2,3942.57,2023-06-28 20:00:00,30072.525,30173.9375,30205.3,29934.2
3,30066.3,30163.8,30236.2,30037.9,4052.23,2023-06-29 00:00:00,30126.05,30149.99375,30236.2,30037.9
4,30163.8,30335.9,30417.1,30126.8,3434.05,2023-06-29 04:00:00,30260.9,30205.446875,30417.1,30126.8
5,30335.9,30666.3,30747.0,30332.0,8709.63,2023-06-29 08:00:00,30520.3,30362.8734375,30747.0,30332.0
6,30666.3,30476.3,30839.2,30399.3,10807.22,2023-06-29 12:00:00,30595.275,30479.07421875,30839.2,30399.3
7,30476.3,30583.7,30665.0,30422.0,5927.55,2023-06-29 16:00:00,30536.75,30507.912109375,30665.0,30422.0
8,30583.7,30449.2,30639.7,30238.0,4090.65,2023-06-29 20:00:00,30477.649999999998,30492.781054687497,30639.7,30238.0
9,30449.2,30742.5,30876.3,30350.0,8799.65,2023-06-30 00:00:00,30604.5,30548.64052734375,30876.3,30350.0
10,30742.5,30758.2,31301.4,30610.8,16161.37,2023-06-30 04:00:00,30853.225,30700.932763671874,31301.4,30610.8
11,30758.2,30895.8,30934.1,30715.7,5558.56,2023-06-30 08:00:00,30825.95,30763.44138183594,30934.1,30715.7
12,30895.8,30054.8,31122.1,29471.5,45032.66,2023-06-30 12:00:00,30386.05,30574.745690917967,31122.1,29471.5
13,30054.8,30364.5,30713.4,29919.4,16353.93,2023-06-30 16:00:00,30263.025,30418.885345458984,30713.4,29919.4
14,30364.5,30464.0,30534.2,30332.5,3467.25,2023-06-30 20:00:00,30423.8,30421.342672729494,30534.2,30332.5
15,30464.0,30389.6,30524.0,30365.4,2759.88,2023-07-01 00:00:00,30435.75,30428.546336364747,30524.0,30365.4
16,30389.6,30446.1,30455.5,30313.7,1931.28,2023-07-01 04:00:00,30401.225,30414.885668182375,30455.5,30313.7
17,30446.1,30513.4,30592.9,30410.2,1752.31,2023-07-01 08:00:00,30490.65,30452.767834091188,30592.9,30410.2
18,30513.4,30566.8,30656.4,30497.2,2549.53,2023-07-01 12:00:00,30558.45,30505.608917045596,30656.4,30497.2
19,30566.8,30605.0,30624.5,30536.7,667.81,2023-07-01 16:00:00,30583.25,30544.429458522798,30624.5,30536.7
20,30605.0,30580.9,30606.3,30542.0,392.8,2023-07-01 20:00:00,30583.550000000003,30563.9897292614,30606.3,30542.0
21,30580.9,30507.3,30651.7,30464.5,2048.56,2023-07-02 00:00:00,30551.100000000002,30557.5448646307,30651.7,30464.5
22,30507.2,30506.1,30551.9,30465.6,1027.68,2023-07-02 04:00:00,30507.700000000004,30532.62243231535,30551.9,30465.6
23,30506.1,30536.6,30552.0,30480.7,1111.53,2023-07-02 08:00:00,30518.85,30525.736216157675,30552.0,30480.7
24,30536.6,30491.0,30628.0,30159.3,8701.97,2023-07-02 12:00:00,30453.725,30489.730608078837,30628.0,30159.3
25,30491.0,30551.0,30675.5,30357.8,4356.82,2023-07-02 16:00:00,30518.825,30504.27780403942,30675.5,30357.8
26,30551.0,30612.1,30783.0,30428.2,8206.06,2023-07-02 20:00:00,30593.574999999997,30548.926402019708,30783.0,30428.2
27,30612.1,30748.0,30788.6,30581.5,3525.69,2023-07-03 00:00:00,30682.55,30615.73820100985,30788.6,30581.5
28,30747.9,30661.1,30788.5,30604.7,4607.13,2023-07-03 04:00:00,30700.550000000003,30658.144100504927,30788.5,30604.7
29,30661.2,30619.5,30688.0,30580.3,3048.2,2023-07-03 08:00:00,30637.25,30647.697050252464,30688.0,30580.3
30,30619.5,31065.9,31167.0,30560.0,14065.8,2023-07-03 12:00:00,30853.1,30750.39852512623,31167.0,30560.0
31,31065.9,31260.4,31392.4,30833.1,18008.41,2023-07-03 16:00:00,31137.949999999997,30944.174262563116,31392.4,30833.1
32,31260.4,31156.3,31308.8,30900.3,6436.1,2023-07-03 20:00:00,31156.45,31050.312131281557,31308.8,30900.3
33,31156.6,31195.1,31324.2,31094.3,5982.33,2023-07-04 00:00:00,31192.550000000003,31121.43106564078,31324.2,31094.3
34,31195.1,30909.2,31211.9,30888.8,7773.15,2023-07-04 04:00:00,31051.25,31086.340532820388,31211.9,30888.8
35,30909.2,31061.6,31078.5,30861.0,5399.84,2023-07-04 08:00:00,30977.574999999997,31031.957766410193,31078.5,30861.0
36,31061.6,30964.0,31073.2,30882.1,5710.28,2023-07-04 12:00:00,30995.225,31013.591383205094,31073.2,30882.1
37,30964.0,30692.1,31125.9,30611.9,12957.42,2023-07-04 16:00:00,30848.475,30931.033191602546,31125.9,30611.9
38,30692.1,30759.0,30840.0,30666.0,3730.38,2023-07-04 20:00:00,30739.275,30835.154095801274,30840.0,30666.0
39,30759.0,30861.0,30871.0,30741.5,2948.28,2023-07-05 00:00:00,30808.125,30821.63954790064,30871.0,30741.5
40,30861.0,30770.0,30865.2,30756.1,1633.02,2023-07-05 04:00:00,30813.074999999997,30817.357273950318,30865.2,30756.1
41,30770.0,30394.8,30799.0,30339.4,15097.48,2023-07-05 08:00:00,30575.8,30696.57863697516,30799.0,30339.4
42,30394.8,30346.3,30428.0,30187.0,15583.71,2023-07-05 12:00:00,30339.025,30517.80181848758,30517.80181848758,30187.0
43,30346.5,30414.4,30581.0,30322.6,6763.78,2023-07-05 16:00:00,30416.125,30466.963409243792,30581.0,30322.6
44,30414.4,30485.5,30523.3,30375.9,3981.28,2023-07-05 20:00:00,30449.775,30458.369204621897,30523.3,30375.9
45,30485.5,30479.9,30550.8,30317.4,4337.01,2023-07-06 00:00:00,30458.4,30458.38460231095,30550.8,30317.4
46,30479.9,30791.0,30841.3,30426.4,9467.92,2023-07-06 04:00:00,30634.65,30546.517301155476,30841.3,30426.4
47,30790.8,30838.7,31529.4,30691.2,32484.77,2023-07-06 08:00:00,30962.524999999998,30754.521150577737,31529.4,30691.2
48,30838.7,30388.7,30875.0,29869.2,39687.48,2023-07-06 12:00:00,30492.899999999998,30623.710575288867,30875.0,29869.2
49,30388.7,30295.2,30451.3,30147.3,9735.13,2023-07-06 16:00:00,30320.625,30472.167787644434,30472.167787644434,30147.3
50,30295.2,29879.1,30335.9,29837.7,9985.35,2023-07-06 20:00:00,30086.975,30279.571393822218,30335.9,29837.7
51,29879.1,30125.0,30150.0,29694.5,12610.12,2023-07-07 00:00:00,29962.15,30120.86069691111,30150.0,29694.5
52,30125.0,29996.0,30289.5,29926.3,8965.05,2023-07-07 04:00:00,30084.2,30102.530348455555,30289.5,29926.3
53,29996.0,30102.3,30184.0,29957.4,5532.87,2023-07-07 08:00:00,30059.925,30081.227674227775,30184.0,29957.4
54,30102.3,30376.7,30425.8,30032.7,14528.13,2023-07-07 12:00:00,30234.375,30157.801337113888,30425.8,30032.7
55,30376.7,30226.5,30440.0,30101.2,5851.39,2023-07-07 16:00:00,30286.1,30221.950668556943,30440.0,30101.2
56,30226.5,30332.7,30338.0,30196.4,2210.16,2023-07-07 20:00:00,30273.399999999998,30247.675334278472,30338.0,30196.4
57,30332.8,30266.2,30375.0,30244.5,1714.08,2023-07-08 00:00:00,30304.625,30276.150167139236,30375.0,30244.5
58,30266.2,30179.6,30270.9,30135.1,2341.05,2023-07-08 04:00:00,30212.950000000004,30244.550083569622,30270.9,30135.1
59,30179.6,30189.2,30300.0,30150.5,2117.31,2023-07-08 08:00:00,30204.825,30224.687541784813,30300.0,30150.5
60,30189.5,30196.3,30226.9,30140.0,1759.61,2023-07-08 12:00:00,30188.175,30206.431270892404,30226.9,30140.0
61,30196.3,30098.1,30305.9,30028.3,3995.18,2023-07-08 16:00:00,30157.15,30181.790635446203,30305.9,30028.3
62,30098.1,30271.5,30279.3,30046.2,2787.61,2023-07-08 20:00:00,30173.774999999998,30177.7828177231,30279.3,30046.2
63,30271.5,30274.7,30393.5,30234.0,2550.73,2023-07-09 00:00:00,30293.425,30235.60390886155,30393.5,30234.0
64,30274.7,30255.0,30293.1,30225.4,1114.65,2023-07-09 04:00:00,30262.050000000003,30248.826954430777,30293.1,30225.4
65,30255.0,30258.7,30300.0,30231.3,1330.24,2023-07-09 08:00:00,30261.25,30255.03847721539,30300.0,30231.3
66,30258.8,30337.5,30439.3,30170.0,6463.81,2023-07-09 12:00:00,30301.4,30278.219238607693,30439.3,30170.0
67,30337.6,30230.2,30337.6,30193.0,1942.75,2023-07-09 16:00:00,30274.6,30276.409619303846,30337.6,30193.0
68,30230.2,30149.2,30239.8,30050.6,3770.92,2023-07-09 20:00:00,30167.45,30221.929809651923,30239.8,30050.6
69,30149.4,30147.0,30239.2,29938.1,9199.48,2023-07-10 00:00:00,30118.425000000003,30170.17740482596,30239.2,29938.1
70,30147.1,30106.8,30153.6,30039.2,2398.71,2023-07-10 04:00:00,30111.675,30140.92620241298,30153.6,30039.2
71,30106.8,30230.3,30239.6,29991.6,5111.99,2023-07-10 08:00:00,30142.075,30141.50060120649,30239.6,29991.6
72,30230.3,30306.0,30360.4,30137.5,8288.39,2023-07-10 12:00:00,30258.55,30200.025300603244,30360.4,30137.5
73,30305.5,30823.2,30833.4,30235.0,10898.08,2023-07-10 16:00:00,30549.274999999998,30374.65015030162,30833.4,30235.0
74,30823.2,30410.1,31044.2,30185.4,20593.86,2023-07-10 20:00:00,30615.725,30495.18757515081,31044.2,30185.4
75,30410.1,30472.8,30599.7,30360.4,6074.6,2023-07-11 00:00:00,30460.750000000004,30477.968787575406,30599.7,30360.4
76,30473.0,30535.2,30651.0,30433.5,4523.92,2023-07-11 04:00:00,30523.175,30500.571893787703,30651.0,30433.5
77,30535.9,30400.0,30564.7,30333.0,4721.54,2023-07-11 08:00:00,30458.4,30479.485946893852,30564.7,30333.0
78,30400.0,30591.8,30803.1,30288.7,12447.34,2023-07-11 12:00:00,30520.9,30500.192973446927,30803.1,30288.7
79,30591.8,30575.0,30688.0,30398.9,6008.41,2023-07-11 16:00:00,30563.425000000003,30531.808986723467,30688.0,30398.9
80,30575.0,30615.0,30644.9,30500.9,2333.12,2023-07-11 20:00:00,30583.95,30557.879493361732,30644.9,30500.9
81,30615.0,30590.3,30665.2,30496.9,3348.3,2023-07-12 00:00:00,30591.850000000002,30574.86474668087,30665.2,30496.9
82,30590.3,30736.5,30845.0,30566.1,5769.05,2023-07-12 04:00:00,30684.475,30629.669873340434,30845.0,30566.1
83,30736.5,30771.0,30796.6,30651.8,3199.3,2023-07-12 08:00:00,30738.975,30684.322436670216,30796.6,30651.8
84,30771.0,30515.3,30973.3,30460.1,25726.38,2023-07-12 12:00:00,30679.925,30682.123718335108,30973.3,30460.1
85,30515.3,30275.8,30530.2,30200.0,10609.16,2023-07-12 16:00:00,30380.325,30531.224359167554,30531.224359167554,30200.0
86,30275.8,30372.9,30412.9,30230.0,2327.32,2023-07-12 20:00:00,30322.9,30427.06217958378,30427.06217958378,30230.0
87,30372.9,30290.9,30429.0,30268.1,2800.69,2023-07-13 00:00:00,30340.225,30383.64358979189,30429.0,30268.1
88,30290.9,30353.5,30418.3,30245.3,3767.26,2023-07-13 04:00:00,30327.0,30355.321794895943,30418.3,30245.3
89,30353.5,30533.1,30635.9,30336.0,6168.02,2023-07-13 08:00:00,30464.625,30409.97339744797,30635.9,30336.0
90,30533.1,30912.0,31192.7,30452.1,22472.26,2023-07-13 12:00:00,30772.475,30591.224198723983,31192.7,30452.1
91,30912.0,31610.5,31840.2,30719.5,40923.86,2023-07-13 16:00:00,31270.55,30930.887099361993,31840.2,30719.5
92,31610.5,31444.0,31693.3,31028.4,13310.07,2023-07-13 20:00:00,31444.050000000003,31187.468549680998,31693.3,31028.4
93,31444.0,31450.7,31639.0,31325.8,7520.35,2023-07-14 00:00:00,31464.875,31326.1717748405,31639.0,31325.8
94,31450.6,31097.2,31463.9,31075.0,4544.28,2023-07-14 04:00:00,31271.675,31298.923387420247,31463.9,31075.0
95,31097.2,31208.7,31288.0,31080.8,4061.41,2023-07-14 08:00:00,31168.675,31233.799193710125,31288.0,31080.8
96,31208.7,31237.9,31363.9,31049.2,5591.55,2023-07-14 12:00:00,31214.925000000003,31224.362096855064,31363.9,31049.2
97,31239.7,30100.9,31270.0,29880.4,29020.02,2023-07-14 16:00:00,30622.75,30923.556048427534,31270.0,29880.4
98,30100.9,30288.0,30295.1,29966.9,6141.08,2023-07-14 20:00:00,30162.725,30543.140524213766,30543.140524213766,29966.9
99,30288.0,30274.5,30374.0,30216.2,4091.98,2023-07-15 00:00:00,30288.175,30415.657762106883,30415.657762106883,30216.2
100,30274.5,30316.3,30345.9,30237.3,2014.79,2023-07-15 04:00:00,30293.5,30354.578881053443,30354.578881053443,30237.3
101,30316.3,30294.3,30356.0,30260.0,2431.65,2023-07-15 08:00:00,30306.65,30330.614440526722,30356.0,30260.0
102,30294.3,30286.1,30344.6,30235.3,2171.11,2023-07-15 12:00:00,30290.074999999997,30310.34472026336,30344.6,30235.3
103,30286.1,30310.9,30336.8,30234.0,1700.37,2023-07-15 16:00:00,30291.949999999997,30301.14736013168,30336.8,30234.0
104,30310.9,30274.5,30310.9,30252.3,903.38,2023-07-15 20:00:00,30287.15,30294.14868006584,30310.9,30252.3
105,30273.1,30173.4,30318.8,30043.0,6287.02,2023-07-16 00:00:00,30202.074999999997,30248.111840032918,30318.8,30043.0
106,30173.3,30251.0,30293.0,30120.7,2941.78,2023-07-16 04:00:00,30209.5,30228.805920016457,30293.0,30120.7
107,30251.0,30288.8,30330.0,30248.9,1982.27,2023-07-16 08:00:00,30279.675,30254.24046000823,30330.0,30248.9
108,30288.8,30364.9,30429.1,30252.6,4423.87,2023-07-16 12:00:00,30333.85,30294.045230004114,30429.1,30252.6
109,30364.9,30237.9,30390.9,30183.8,3164.34,2023-07-16 16:00:00,30294.375,30294.210115002057,30390.9,30183.8
110,30237.9,30217.8,30348.5,30112.5,3381.15,2023-07-16 20:00:00,30229.175,30261.69255750103,30348.5,30112.5
111,30217.8,30293.4,30318.7,30157.3,2872.57,2023-07-17 00:00:00,30246.800000000003,30254.246278750514,30318.7,30157.3
112,30293.4,30266.8,30313.2,30221.2,2413.3,2023-07-17 04:00:00,30273.65,30263.948139375258,30313.2,30221.2
113,30266.8,30142.0,30309.0,29951.9,8003.97,2023-07-17 08:00:00,30167.425000000003,30215.68656968763,30309.0,29951.9
114,30142.0,30161.4,30293.7,30016.0,7742.7,2023-07-17 12:00:00,30153.275,30184.480784843814,30293.7,30016.0
115,30161.4,29877.3,30224.8,29637.7,15439.72,2023-07-17 16:00:00,29975.3,30079.890392421905,30224.8,29637.7
116,29877.3,30121.9,30272.2,29864.8,5714.95,2023-07-17 20:00:00,30034.050000000003,30056.970196210954,30272.2,29864.8
117,30121.9,30059.4,30225.4,30058.7,4198.8,2023-07-18 00:00:00,30116.35,30086.660098105476,30225.4,30058.7
118,30059.4,29950.0,30108.9,29907.4,5668.86,2023-07-18 04:00:00,30006.425000000003,30046.54254905274,30108.9,29907.4
119,29950.0,29870.1,30098.2,29790.0,8577.54,2023-07-18 08:00:00,29927.074999999997,29986.80877452637,30098.2,29790.0
120,29870.1,29893.3,30008.7,29682.0,13130.58,2023-07-18 12:00:00,29863.525,29925.166887263185,30008.7,29682.0
121,29893.3,29696.3,29949.3,29478.3,11553.44,2023-07-18 16:00:00,29754.3,29839.733443631594,29949.3,29478.3
122,29696.3,29843.9,29850.9,29673.1,2883.24,2023-07-18 20:00:00,29766.049999999996,29802.891721815795,29850.9,29673.1
123,29844.0,30041.8,30062.4,29826.9,5268.25,2023-07-19 00:00:00,29943.775,29873.333360907898,30062.4,29826.9
124,30041.8,29982.8,30175.0,29948.9,5011.33,2023-07-19 04:00:00,30037.125000000004,29955.22918045395,30175.0,29948.9
125,29982.9,29999.3,30032.9,29850.0,4187.58,2023-07-19 08:00:00,29966.275,29960.752090226975,30032.9,29850.0
126,29999.5,29941.6,30114.8,29750.0,10410.73,2023-07-19 12:00:00,29951.475,29956.113545113487,30114.8,29750.0
127,29941.6,30028.4,30090.3,29853.9,6994.82,2023-07-19 16:00:00,29978.549999999996,29967.33177255674,30090.3,29853.9
128,30028.4,29892.9,30041.5,29811.9,3869.95,2023-07-19 20:00:00,29943.675000000003,29955.50338627837,30041.5,29811.9
129,29892.9,29936.5,30037.7,29868.0,3137.24,2023-07-20 00:00:00,29933.775,29944.639193139184,30037.7,29868.0
130,29936.5,30195.2,30227.0,29912.1,6688.23,2023-07-20 04:00:00,30067.7,30006.16959656959,30227.0,29912.1
131,30195.2,30270.9,30408.6,30156.5,9283.98,2023-07-20 08:00:00,30257.800000000003,30131.984798284797,30408.6,30131.984798284797
132,30270.9,29789.3,30305.5,29600.3,16788.46,2023-07-20 12:00:00,29991.5,30061.7423991424,30305.5,29600.3
133,29789.3,29743.0,29857.6,29548.9,10103.09,2023-07-20 16:00:00,29734.699999999997,29898.2211995712,29898.2211995712,29548.9
134,29743.0,29792.3,29878.1,29651.8,4489.55,2023-07-20 20:00:00,29766.3,29832.2605997856,29878.1,29651.8
135,29792.3,29887.2,29942.2,29711.3,5508.14,2023-07-21 00:00:00,29833.25,29832.7552998928,29942.2,29711.3
136,29887.2,29754.8,29894.0,29735.1,3369.78,2023-07-21 04:00:00,29817.774999999998,29825.265149946397,29894.0,29735.1
137,29754.8,29767.1,29837.8,29712.4,3460.93,2023-07-21 08:00:00,29768.025,29796.6450749732,29837.8,29712.4
138,29767.1,29851.4,29898.1,29767.1,6215.59,2023-07-21 12:00:00,29820.924999999996,29808.785037486596,29898.1,29767.1
139,29851.4,29862.7,30048.2,29763.3,6641.48,2023-07-21 16:00:00,29881.4,29845.0925187433,30048.2,29763.3
140,29862.7,29888.1,29943.3,29820.0,2679.92,2023-07-21 20:00:00,29878.525,29861.80875937165,29943.3,29820.0
141,29888.2,29889.8,29989.0,29880.4,2637.01,2023-07-22 00:00:00,29911.850000000002,29886.829379685827,29989.0,29880.4
142,29889.8,29931.7,29978.6,29832.7,2191.29,2023-07-22 04:00:00,29908.199999999997,29897.514689842912,29978.6,29832.7
143,29931.8,29874.0,29965.7,29853.1,2641.32,2023-07-22 08:00:00,29906.15,29901.83234492146,29965.7,29853.1
144,29874.0,29887.3,29894.9,29814.0,2252.9,2023-07-22 12:00:00,29867.55,29884.691172460727,29894.9,29814.0
145,29887.3,29822.2,29897.3,29785.7,1626.9,2023-07-22 16:00:00,29848.125,29866.408086230364,29897.3,29785.7
146,29822.2,29779.0,29829.7,29610.0,3752.96,2023-07-22 20:00:00,29760.225,29813.31654311518,29829.7,29610.0
147,29779.0,29831.8,29883.6,29716.7,2461.45,2023-07-23 00:00:00,29802.775,29808.04577155759,29883.6,29716.7
148,29831.8,29900.0,29970.3,29831.8,2999.99,2023-07-23 04:00:00,29883.475,29845.760385778794,29970.3,29831.8
149,29900.0,29881.7,29950.0,29874.5,2059.5,2023-07-23 08:00:00,29901.55,29873.655192889397,29950.0,29873.655192889397
150,29881.7,29888.4,29922.8,29841.0,1727.94,2023-07-23 12:00:00,29883.475,29878.565096444698,29922.8,29841.0
151,29888.4,30085.8,30346.8,29888.4,10575.14,2023-07-23 16:00:00,30052.350000000002,29965.45754822235,30346.8,29888.4
152,30085.8,30075.5,30138.6,29913.0,2454.43,2023-07-23 20:00:00,30053.225,30009.341274111175,30138.6,29913.0
153,30075.5,29706.3,30091.0,29660.0,6815.34,2023-07-24 00:00:00,29883.2,29946.27063705559,30091.0,29660.0
154,29706.3,29814.1,29860.0,29647.8,5927.85,2023-07-24 04:00:00,29757.050000000003,29851.660318527796,29860.0,29647.8
155,29816.8,29253.8,29820.6,28941.2,32805.16,2023-07-24 08:00:00,29458.1,29654.8801592639,29820.6,28941.2
156,29253.8,29079.5,29254.2,28845.8,17966.4,2023-07-24 12:00:00,29108.325,29381.60257963195,29381.60257963195,28845.8
157,29079.5,29099.1,29142.5,28980.7,6687.85,2023-07-24 16:00:00,29075.449999999997,29228.526289815974,29228.526289815974,28980.7
158,29099.1,29153.8,29187.8,29065.5,2389.41,2023-07-24 20:00:00,29126.55,29177.538144907987,29187.8,29065.5
159,29153.8,29091.2,29168.0,29029.0,4341.07,2023-07-25 00:00:00,29110.5,29144.019072453993,29168.0,29029.0
160,29091.3,29121.6,29144.0,29053.0,2902.33,2023-07-25 04:00:00,29102.475,29123.247036226996,29144.0,29053.0
161,29121.6,29111.8,29265.0,29101.8,4509.17,2023-07-25 08:00:00,29150.05,29136.6485181135,29265.0,29101.8
162,29111.9,29163.0,29322.5,29065.7,9613.47,2023-07-25 12:00:00,29165.775,29151.21175905675,29322.5,29065.7
163,29163.0,29186.8,29349.7,29162.9,4354.02,2023-07-25 16:00:00,29215.600000000002,29183.405879528378,29349.7,29162.9
164,29186.8,29213.2,29240.3,29166.8,1889.17,2023-07-25 20:00:00,29201.774999999998,29192.590439764186,29240.3,29166.8
165,29213.2,29230.0,29397.4,29083.9,7520.29,2023-07-26 00:00:00,29231.125,29211.857719882093,29397.4,29083.9
166,29230.0,29202.2,29311.0,29175.5,4409.62,2023-07-26 04:00:00,29229.675,29220.766359941044,29311.0,29175.5
167,29202.2,29160.0,29225.7,29144.1,3077.67,2023-07-26 08:00:00,29183.0,29201.883179970522,29225.7,29144.1
168,29160.0,29310.2,29342.9,29149.1,7165.76,2023-07-26 12:00:00,29240.55,29221.216589985263,29342.9,29149.1
169,29310.2,29390.2,29483.7,29185.0,14880.28,2023-07-26 16:00:00,29342.274999999998,29281.745794992632,29483.7,29185.0
170,29390.2,29341.3,29669.0,29273.7,13689.69,2023-07-26 20:00:00,29418.55,29350.147897496317,29669.0,29273.7
171,29341.3,29397.5,29440.8,29292.1,2375.89,2023-07-27 00:00:00,29367.925,29359.036448748157,29440.8,29292.1
172,29397.5,29403.6,29488.4,29373.2,2631.51,2023-07-27 04:00:00,29415.675000000003,29387.35572437408,29488.4,29373.2
173,29403.6,29499.7,29561.0,29386.9,3704.38,2023-07-27 08:00:00,29462.8,29425.07786218704,29561.0,29386.9
174,29499.7,29284.4,29501.4,29227.9,7171.19,2023-07-27 12:00:00,29378.35,29401.71393109352,29501.4,29227.9
175,29284.4,29150.9,29325.5,29071.2,8263.0,2023-07-27 16:00:00,29208.0,29304.856965546758,29325.5,29071.2
176,29150.9,29210.3,29224.5,29117.7,2758.48,2023-07-27 20:00:00,29175.850000000002,29240.353482773382,29240.353482773382,29117.7
177,29210.3,29241.0,29297.8,29175.0,4372.41,2023-07-28 00:00:00,29231.025,29235.68924138669,29297.8,29175.0
178,29240.9,29127.0,29254.1,29125.5,3936.33,2023-07-28 04:00:00,29186.875,29211.282120693344,29254.1,29125.5
179,29127.0,29194.4,29235.6,29114.4,4486.99,2023-07-28 08:00:00,29167.85,29189.56606034667,29235.6,29114.4
180,29194.4,29379.8,29533.9,29193.0,12301.71,2023-07-28 12:00:00,29325.275,29257.42053017334,29533.9,29193.0
181,29382.3,29309.2,29396.8,29191.0,6389.23,2023-07-28 16:00:00,29319.825,29288.62276508667,29396.8,29191.0
182,29309.2,29302.6,29359.0,29270.9,1559.89,2023-07-28 20:00:00,29310.425000000003,29299.523882543337,29359.0,29270.9
183,29302.7,29361.9,29381.2,29284.7,2077.44,2023-07-29 00:00:00,29332.625,29316.074441271667,29381.2,29284.7
184,29361.9,29287.1,29400.0,29281.2,4000.83,2023-07-29 04:00:00,29332.550000000003,29324.312220635835,29400.0,29281.2
185,29287.1,29260.0,29323.0,29245.7,5744.96,2023-07-29 08:00:00,29278.95,29301.631110317918,29323.0,29245.7
186,29260.0,29287.8,29328.2,29250.7,5948.88,2023-07-29 12:00:00,29281.675,29291.65305515896,29328.2,29250.7
187,29287.8,29328.0,29336.5,29279.6,3211.5,2023-07-29 16:00:00,29307.975,29299.81402757948,29336.5,29279.6
188,29327.9,29341.5,29370.5,29327.9,2898.11,2023-07-29 20:00:00,29341.95,29320.882013789742,29370.5,29320.882013789742
189,29341.5,29304.8,29345.1,29296.2,2853.9,2023-07-30 00:00:00,29321.9,29321.39100689487,29345.1,29296.2
190,29304.8,29286.0,29321.8,29259.0,3772.22,2023-07-30 04:00:00,29292.9,29307.145503447435,29321.8,29259.0
191,29286.0,29300.2,29315.0,29223.7,5403.02,2023-07-30 08:00:00,29281.225,29294.185251723717,29315.0,29223.7
192,29300.2,29338.8,29438.2,29264.3,11455.01,2023-07-30 12:00:00,29335.375,29314.780125861857,29438.2,29264.3
193,29338.7,29192.6,29399.5,29103.9,10160.02,2023-07-30 16:00:00,29258.675000000003,29286.72756293093,29399.5,29103.9
194,29192.6,29273.9,29278.0,29017.3,12676.21,2023-07-30 20:00:00,29190.449999999997,29238.588781465463,29278.0,29017.3
195,29273.9,29414.6,29525.0,29251.9,11620.87,2023-07-31 00:00:00,29366.35,29302.46939073273,29525.0,29251.9
196,29414.6,29370.7,29438.4,29355.0,2976.52,2023-07-31 04:00:00,29394.675,29348.572195366367,29438.4,29348.572195366367
197,29370.7,29398.0,29410.0,29321.8,4927.07,2023-07-31 08:00:00,29375.125,29361.848597683183,29410.0,29321.8
198,29398.0,29234.2,29466.5,29212.8,10490.11,2023-07-31 12:00:00,29327.875,29344.861798841594,29466.5,29212.8
199,29234.2,29147.5,29264.8,29100.7,9104.3,2023-07-31 16:00:00,29186.8,29265.8308994208,29265.8308994208,29100.7
200,29147.5,29220.9,29278.5,29106.9,6473.85,2023-07-31 20:00:00,29188.449999999997,29227.140449710398,29278.5,29106.9
201,29220.8,28825.9,29332.5,28696.0,24865.65,2023-08-01 00:00:00,29018.800000000003,29122.9702248552,29332.5,28696.0
202,28825.9,28918.3,28955.0,28792.9,10836.55,2023-08-01 04:00:00,28873.025,28997.9976124276,28997.9976124276,28792.9
203,28918.3,28850.8,28980.0,28850.5,6733.79,2023-08-01 08:00:00,28899.9,28948.9488062138,28980.0,28850.5
204,28850.8,28937.9,28965.0,28564.8,22889.96,2023-08-01 12:00:00,28829.625,28889.2869031069,28965.0,28564.8
205,28937.9,29260.6,29325.3,28844.1,18810.47,2023-08-01 16:00:00,29091.975,28990.63095155345,29325.3,28844.1
206,29260.6,29700.6,29732.5,29169.0,19080.3,2023-08-01 20:00:00,29465.675000000003,29228.152975776728,29732.5,29169.0
207,29700.6,29627.5,30034.0,29613.7,24153.18,2023-08-02 00:00:00,29743.95,29486.051487888362,30034.0,29486.051487888362
208,29627.5,29576.4,29718.9,29558.5,6878.74,2023-08-02 04:00:00,29620.324999999997,29553.18824394418,29718.9,29553.18824394418
209,29576.4,29555.4,29577.7,29383.4,13811.54,2023-08-02 08:00:00,29523.225,29538.206621972087,29577.7,29383.4
210,29555.4,29316.2,29600.5,29159.6,21923.19,2023-08-02 12:00:00,29407.925,29473.065810986045,29600.5,29159.6
211,29316.2,29139.4,29357.6,28910.6,25949.91,2023-08-02 16:00:00,29180.949999999997,29327.00790549302,29357.6,28910.6
212,29139.4,29165.2,29220.0,29047.5,4894.21,2023-08-02 20:00:00,29143.024999999998,29235.01645274651,29235.01645274651,29047.5
213,29165.2,29166.2,29268.4,29112.6,6249.24,2023-08-03 00:00:00,29178.100000000002,29206.558226373258,29268.4,29112.6
214,29166.2,29030.7,29177.5,29006.0,6279.33,2023-08-03 04:00:00,29095.1,29150.829113186628,29177.5,29006.0
215,29030.7,29129.9,29180.9,28949.8,8409.77,2023-08-03 08:00:00,29072.825000000004,29111.827056593316,29180.9,28949.8
216,29129.9,29243.8,29414.6,29062.9,17732.13,2023-08-03 12:00:00,29212.8,29162.313528296658,29414.6,29062.9
217,29243.8,29271.5,29362.1,29125.3,10250.72,2023-08-03 16:00:00,29250.675,29206.49426414833,29362.1,29125.3
218,29271.5,29180.9,29354.0,29150.3,6119.57,2023-08-03 20:00:00,29239.175000000003,29222.834632074166,29354.0,29150.3
219,29180.9,29152.9,29241.8,29087.6,5605.5,2023-08-04 00:00:00,29165.799999999996,29194.31731603708,29241.8,29087.6
220,29152.9,29200.0,29242.8,29122.3,4250.99,2023-08-04 04:00:00,29179.5,29186.90865801854,29242.8,29122.3
221,29200.0,29154.6,29248.1,29125.9,4740.09,2023-08-04 08:00:00,29182.15,29184.52932900927,29248.1,29125.9
222,29154.6,29256.1,29317.8,29113.4,11426.83,2023-08-04 12:00:00,29210.475,29197.502164504636,29317.8,29113.4
223,29256.1,29017.2,29271.9,28930.8,11831.68,2023-08-04 16:00:00,29119.0,29158.251082252318,29271.9,28930.8
224,29017.2,29099.4,29111.2,28788.8,10696.41,2023-08-04 20:00:00,29004.15,29081.20054112616,29111.2,28788.8
225,29099.4,29080.9,29140.0,29049.0,3742.27,2023-08-05 00:00:00,29092.324999999997,29086.76277056308,29140.0,29049.0
226,29081.0,29039.4,29083.6,29020.0,2318.41,2023-08-05 04:00:00,29056.0,29071.38138528154,29083.6,29020.0
227,29039.4,29035.7,29078.1,29029.7,2622.95,2023-08-05 08:00:00,29045.725,29058.55319264077,29078.1,29029.7
228,29035.7,29026.6,29070.0,28969.0,5719.26,2023-08-05 12:00:00,29025.324999999997,29041.939096320384,29070.0,28969.0
229,29026.6,29053.5,29088.1,28993.6,2354.86,2023-08-05 16:00:00,29040.449999999997,29041.19454816019,29088.1,28993.6
230,29053.5,29054.9,29079.5,29040.6,1370.13,2023-08-05 20:00:00,29057.125,29049.159774080093,29079.5,29040.6
231,29054.9,29051.1,29066.3,29019.1,2086.19,2023-08-06 00:00:00,29047.85,29048.504887040046,29066.3,29019.1
232,29051.1,29081.4,29097.1,29028.9,2904.64,2023-08-06 04:00:00,29064.625,29056.564943520025,29097.1,29028.9
233,29081.4,29065.0,29125.0,29032.5,3504.26,2023-08-06 08:00:00,29075.975,29066.26997176001,29125.0,29032.5
234,29065.0,28998.5,29065.0,28975.9,3838.84,2023-08-06 12:00:00,29026.1,29046.184985880005,29065.0,28975.9
235,28998.5,29076.9,29092.2,28990.1,3151.03,2023-08-06 16:00:00,29039.424999999996,29042.80499294,29092.2,28990.1
236,29076.9,29074.6,29193.1,29022.3,5985.01,2023-08-06 20:00:00,29091.725,29067.26499647,29193.1,29022.3
237,29074.6,29146.6,29213.6,29008.0,7389.01,2023-08-07 00:00:00,29110.699999999997,29088.982498234996,29213.6,29008.0
238,29146.6,29083.3,29183.2,29036.7,4421.5,2023-08-07 04:00:00,29112.45,29100.716249117497,29183.2,29036.7
239,29083.3,29081.4,29140.0,29031.5,4736.26,2023-08-07 08:00:00,29084.050000000003,29092.38312455875,29140.0,29031.5
240,29081.4,28847.8,29137.0,28774.4,18003.24,2023-08-07 12:00:00,28960.15,29026.266562279376,29137.0,28774.4
241,28847.8,29141.4,29173.9,28685.4,22803.23,2023-08-07 16:00:00,28962.125,28994.195781139686,29173.9,28685.4
242,29141.4,29196.7,29265.6,29103.3,7127.99,2023-08-07 20:00:00,29176.75,29085.472890569843,29265.6,29085.472890569843
243,29196.7,29179.6,29249.1,29126.3,4555.66,2023-08-08 00:00:00,29187.925000000003,29136.698945284923,29249.1,29126.3
244,29179.6,29175.8,29313.3,29168.3,7172.23,2023-08-08 04:00:00,29209.25,29172.97447264246,29313.3,29168.3
245,29176.0,29427.0,29434.8,29164.0,11300.8,2023-08-08 08:00:00,29300.45,29236.712236321233,29434.8,29164.0
246,29427.0,29526.4,29664.5,29343.0,30136.0,2023-08-08 12:00:00,29490.225,29363.468618160616,29664.5,29343.0
247,29526.3,29873.9,29956.1,29524.9,28008.12,2023-08-08 16:00:00,29720.299999999996,29541.884309080306,29956.1,29524.9
248,29873.9,29766.6,30227.6,29693.3,20645.16,2023-08-08 20:00:00,29890.35,29716.117154540152,30227.6,29693.3
249,29766.6,29715.0,29879.2,29644.1,8968.08,2023-08-09 00:00:00,29751.225,29733.671077270075,29879.2,29644.1
250,29715.0,29814.8,29815.5,29669.4,6342.38,2023-08-09 04:00:00,29753.675,29743.67303863504,29815.5,29669.4
251,29814.8,29883.7,29909.1,29733.5,7978.25,2023-08-09 08:00:00,29835.274999999998,29789.474019317517,29909.1,29733.5
252,29883.7,29754.5,30134.6,29664.8,23038.67,2023-08-09 12:00:00,29859.4,29824.43700965876,30134.6,29664.8
253,29754.5,29405.4,29769.9,29380.4,19869.85,2023-08-09 16:00:00,29577.550000000003,29700.99350482938,29769.9,29380.4
254,29405.4,29570.2,29617.5,29366.0,7123.99,2023-08-09 20:00:00,29489.774999999998,29595.38425241469,29617.5,29366.0
255,29570.2,29570.7,29650.6,29549.3,5642.0,2023-08-10 00:00:00,29585.2,29590.292126207343,29650.6,29549.3
256,29570.7,29505.9,29610.3,29481.7,4966.63,2023-08-10 04:00:00,29542.15,29566.221063103672,29610.3,29481.7
257,29506.0,29492.8,29550.8,29463.6,4645.69,2023-08-10 08:00:00,29503.3,29534.760531551838,29550.8,29463.6
258,29492.8,29454.5,29727.5,29388.4,23365.65,2023-08-10 12:00:00,29515.800000000003,29525.28026577592,29727.5,29388.4
259,29454.5,29433.4,29468.8,29323.4,8104.29,2023-08-10 16:00:00,29420.025,29472.652632887963,29472.652632887963,29323.4
260,29433.4,29443.5,29478.6,29410.2,2407.19,2023-08-10 20:00:00,29441.425,29457.03881644398,29478.6,29410.2
261,29443.6,29399.5,29490.7,29337.7,4090.07,2023-08-11 00:00:00,29417.875,29437.45690822199,29490.7,29337.7
262,29399.5,29404.3,29471.0,29370.0,3706.3,2023-08-11 04:00:00,29411.2,29424.328454110997,29471.0,29370.0
263,29404.4,29429.8,29437.2,29340.0,3974.06,2023-08-11 08:00:00,29402.850000000002,29413.589227055498,29437.2,29340.0
264,29429.8,29382.6,29556.4,29340.1,13098.15,2023-08-11 12:00:00,29427.225,29420.407113527748,29556.4,29340.1
265,29381.5,29385.2,29415.8,29240.0,8101.19,2023-08-11 16:00:00,29355.625,29388.016056763874,29415.8,29240.0
266,29385.2,29416.4,29434.5,29384.4,2008.82,2023-08-11 20:00:00,29405.125,29396.570528381937,29434.5,29384.4
267,29416.5,29390.5,29447.0,29367.5,2241.79,2023-08-12 00:00:00,29405.375,29400.97276419097,29447.0,29367.5
268,29390.5,29411.8,29416.6,29377.2,1355.47,2023-08-12 04:00:00,29399.025,29399.998882095486,29416.6,29377.2
269,29411.9,29417.5,29422.4,29382.8,1479.54,2023-08-12 08:00:00,29408.65,29404.324441047742,29422.4,29382.8
270,29417.5,29427.6,29447.0,29398.5,1999.65,2023-08-12 12:00:00,29422.65,29413.48722052387,29447.0,29398.5
271,29427.6,29405.1,29471.5,29403.2,2209.88,2023-08-12 16:00:00,29426.85,29420.168610261935,29471.5,29403.2
272,29405.1,29420.8,29424.4,29388.7,1004.22,2023-08-12 20:00:00,29409.75,29414.959305130968,29424.4,29388.7
273,29420.9,29409.2,29450.2,29389.1,1662.63,2023-08-13 00:00:00,29417.350000000002,29416.154652565485,29450.2,29389.1
274,29409.2,29387.7,29409.4,29353.9,2235.67,2023-08-13 04:00:00,29390.05,29403.102326282744,29409.4,29353.9
275,29387.6,29372.5,29402.7,29360.7,1447.76,2023-08-13 08:00:00,29380.875,29391.988663141372,29402.7,29360.7
276,29372.5,29362.4,29382.9,29348.7,2013.07,2023-08-13 12:00:00,29366.625,29379.306831570684,29382.9,29348.7
277,29362.4,29423.7,29461.2,29316.6,4054.29,2023-08-13 16:00:00,29390.975000000002,29385.14091578534,29461.2,29316.6
278,29423.7,29292.9,29432.1,29260.0,4783.97,2023-08-13 20:00:00,29352.175000000003,29368.657957892672,29432.1,29260.0
279,29292.9,29384.3,29409.8,29081.8,13556.24,2023-08-14 00:00:00,29292.2,29330.428978946336,29409.8,29081.8
280,29384.3,29411.6,29458.0,29378.2,4370.81,2023-08-14 04:00:00,29408.025,29369.22698947317,29458.0,29369.22698947317
281,29411.6,29400.3,29487.5,29374.4,4638.92,2023-08-14 08:00:00,29418.45,29393.838494736585,29487.5,29374.4
282,29400.3,29590.1,29660.0,29322.5,15536.19,2023-08-14 12:00:00,29493.225,29443.53174736829,29660.0,29322.5
283,29590.1,29346.6,29684.6,29238.9,16230.65,2023-08-14 16:00:00,29465.050000000003,29454.29087368415,29684.6,29238.9
284,29347.2,29419.0,29458.0,29321.3,3490.79,2023-08-14 20:00:00,29386.375,29420.332936842075,29458.0,29321.3
285,29419.0,29385.0,29444.4,29360.0,2828.26,2023-08-15 00:00:00,29402.1,29411.216468421037,29444.4,29360.0
286,29385.0,29395.1,29420.2,29337.4,2937.89,2023-08-15 04:00:00,29384.425000000003,29397.82073421052,29420.2,29337.4
287,29395.1,29358.7,29444.9,29344.9,3826.5,2023-08-15 08:00:00,29385.899999999998,29391.86036710526,29444.9,29344.9
288,29358.8,29318.0,29484.9,29300.0,8652.42,2023-08-15 12:00:00,29365.425,29378.64268355263,29484.9,29300.0
289,29318.0,29168.7,29358.1,29063.1,13705.95,2023-08-15 16:00:00,29226.975,29302.808841776314,29358.1,29063.1
290,29168.7,29185.5,29231.6,29121.4,4234.36,2023-08-15 20:00:00,29176.800000000003,29239.80442088816,29239.80442088816,29121.4
291,29185.5,29216.5,29247.1,29175.7,3452.81,2023-08-16 00:00:00,29206.2,29223.00221044408,29247.1,29175.7
292,29216.5,29184.5,29220.4,29100.0,5046.92,2023-08-16 04:00:00,29180.35,29201.67610522204,29220.4,29100.0
293,29184.5,29148.2,29205.0,29090.8,4102.25,2023-08-16 08:00:00,29157.125,29179.40055261102,29205.0,29090.8
294,29148.2,29091.7,29196.4,29022.9,10234.71,2023-08-16 12:00:00,29114.8,29147.100276305508,29196.4,29022.9
295,29091.1,29098.1,29220.0,28935.7,15289.53,2023-08-16 16:00:00,29086.225,29116.662638152753,29220.0,28935.7
296,29098.3,28713.5,29128.9,28705.0,16643.9,2023-08-16 20:00:00,28911.425,29014.043819076374,29128.9,28705.0
297,28713.6,28640.9,28770.9,28309.3,21876.63,2023-08-17 00:00:00,28608.675000000003,28811.35940953819,28811.35940953819,28309.3
298,28640.9,28611.6,28692.7,28586.0,5025.6,2023-08-17 04:00:00,28632.800000000003,28722.079704769094,28722.079704769094,28586.0
299,28611.6,28533.0,28625.2,28469.6,9121.63,2023-08-17 08:00:00,28559.85,28640.964852384546,28640.964852384546,28469.6
300,28533.0,27916.7,28561.6,27871.6,40367.23,2023-08-17 12:00:00,28220.725,28430.844926192272,28561.6,27871.6
301,27916.7,27884.0,28069.8,27685.5,26746.99,2023-08-17 16:00:00,27889.0,28159.922463096136,28159.922463096136,27685.5
302,27883.9,26608.2,27909.4,24207.0,81335.67,2023-08-17 20:00:00,26652.125,27406.02373154807,27909.4,24207.0
303,26608.1,26383.9,26818.1,26304.1,16910.08,2023-08-18 00:00:00,26528.549999999996,26967.286865774033,26967.286865774033,26304.1
304,26383.9,26413.0,26597.0,26141.3,14636.46,2023-08-18 04:00:00,26383.8,26675.543432887018,26675.543432887018,26141.3
305,26413.0,26474.1,26593.3,26365.4,8924.73,2023-08-18 08:00:00,26461.450000000004,26568.49671644351,26593.3,26365.4
306,26473.9,25989.5,26483.6,25922.7,26097.22,2023-08-18 12:00:00,26217.425,26392.960858221755,26483.6,25922.7
307,25990.0,26051.5,26297.6,25597.3,31164.15,2023-08-18 16:00:00,25984.1,26188.530429110877,26297.6,25597.3
308,26051.5,26041.9,26227.8,25994.7,6583.51,2023-08-18 20:00:00,26078.975,26133.752714555438,26227.8,25994.7
309,26041.8,25953.3,26145.2,25908.7,5427.32,2023-08-19 00:00:00,26012.25,26073.001357277717,26145.2,25908.7
310,25953.3,25903.0,25994.1,25785.1,7087.58,2023-08-19 04:00:00,25908.875,25990.93817863886,25994.1,25785.1
311,25903.1,25885.5,25985.1,25872.0,5279.67,2023-08-19 08:00:00,25911.425,25951.18158931943,25985.1,25872.0
312,25885.5,26197.1,26207.3,25856.3,9859.41,2023-08-19 12:00:00,26036.550000000003,25993.865794659716,26207.3,25856.3
313,26196.9,26108.8,26250.0,26011.3,8626.82,2023-08-19 16:00:00,26141.75,26067.807897329858,26250.0,26011.3
314,26109.1,26086.4,26139.8,26016.2,2989.19,2023-08-19 20:00:00,26087.875,26077.841448664927,26139.8,26016.2
315,26086.4,26087.8,26191.6,26030.5,3648.36,2023-08-20 00:00:00,26099.075,26088.458224332462,26191.6,26030.5
316,26087.7,26068.0,26146.4,26029.5,2710.73,2023-08-20 04:00:00,26082.9,26085.67911216623,26146.4,26029.5
317,26067.9,26161.8,26185.0,26038.1,4088.06,2023-08-20 08:00:00,26113.2,26099.439556083118,26185.0,26038.1
318,26161.7,26091.3,26205.0,25948.0,8734.32,2023-08-20 12:00:00,26101.5,26100.46977804156,26205.0,25948.0
319,26091.6,26120.9,26149.9,25991.8,4123.04,2023-08-20 16:00:00,26088.550000000003,26094.50988902078,26149.9,25991.8
320,26120.8,26174.5,26278.1,26120.8,6033.36,2023-08-20 20:00:00,26173.55,26134.02994451039,26278.1,26120.8
321,26174.5,26073.8,26180.0,26053.1,4377.77,2023-08-21 00:00:00,26120.350000000002,26127.189972255197,26180.0,26053.1
322,26073.8,26007.5,26171.4,25981.1,6662.43,2023-08-21 04:00:00,26058.449999999997,26092.819986127597,26171.4,25981.1
323,26007.4,26015.7,26073.6,25869.1,9603.6,2023-08-21 08:00:00,25991.45,26042.1349930638,26073.6,25869.1
324,26016.0,25925.7,26183.8,25793.7,18118.02,2023-08-21 12:00:00,25979.8,26010.9674965319,26183.8,25793.7
325,25925.8,26084.5,26148.1,25923.0,8084.64,2023-08-21 16:00:00,26020.35,26015.65874826595,26148.1,25923.0
326,26084.4,26113.0,26234.1,26065.3,5174.05,2023-08-21 20:00:00,26124.2,26069.929374132975,26234.1,26065.3
327,26113.1,26039.5,26125.7,26007.1,3339.38,2023-08-22 00:00:00,26071.35,26070.639687066487,26125.7,26007.1
328,26039.5,26089.7,26102.7,25982.2,3852.58,2023-08-22 04:00:00,26053.524999999998,26062.082343533242,26102.7,25982.2
329,26089.7,26037.6,26095.3,26012.6,3284.01,2023-08-22 08:00:00,26058.800000000003,26060.441171766623,26095.3,26012.6
330,26036.9,25923.7,26084.3,25901.7,9330.7,2023-08-22 12:00:00,25986.649999999998,26023.54558588331,26084.3,25901.7
331,25923.7,25765.4,26039.8,25703.3,26184.32,2023-08-22 16:00:00,25858.050000000003,25940.797792941656,26039.8,25703.3
332,25765.2,26041.2,26056.5,25314.0,25106.51,2023-08-22 20:00:00,25794.225,25867.51139647083,26056.5,25314.0
333,26041.4,25992.0,26172.0,25975.1,8331.24,2023-08-23 00:00:00,26045.125,25956.318198235414,26172.0,25956.318198235414
334,25991.9,26044.0,26166.0,25964.4,8895.74,2023-08-23 04:00:00,26041.575,25998.946599117706,26166.0,25964.4
335,26043.9,25925.6,26084.5,25887.6,7659.31,2023-08-23 08:00:00,25985.4,25992.173299558854,26084.5,25887.6
336,25925.6,26134.2,26172.0,25800.0,20026.85,2023-08-23 12:00:00,26007.95,26000.061649779425,26172.0,25800.0
337,26134.2,26618.0,26804.6,26115.7,35176.51,2023-08-23 16:00:00,26418.125,26209.093324889713,26804.6,26115.7
338,26617.4,26423.5,26713.1,26209.3,16297.51,2023-08-23 20:00:00,26490.825,26349.95916244486,26713.1,26209.3
339,26423.5,26430.0,26538.2,26340.9,6435.61,2023-08-24 00:00:00,26433.15,26391.55458122243,26538.2,26340.9
340,26430.0,26462.9,26500.0,26372.2,5939.01,2023-08-24 04:00:00,26441.275,26416.414790611216,26500.0,26372.2
341,26462.8,26434.9,26567.6,26401.3,8686.85,2023-08-24 08:00:00,26466.65,26441.532395305607,26567.6,26401.3
342,26435.0,25984.5,26435.8,25977.0,23567.13,2023-08-24 12:00:00,26208.075,26324.803697652802,26435.8,25977.0
343,25984.5,26020.0,26147.2,25840.3,15522.97,2023-08-24 16:00:00,25998.0,26161.4018488264,26161.4018488264,25840.3
344,26020.0,26159.6,26190.8,25920.9,6914.73,2023-08-24 20:00:00,26072.825000000004,26117.113424413204,26190.8,25920.9
345,26159.6,26089.7,26172.1,26000.4,4657.31,2023-08-25 00:00:00,26105.45,26111.281712206604,26172.1,26000.4
346,26089.7,25964.4,26097.3,25957.7,6371.79,2023-08-25 04:00:00,26027.275,26069.278356103303,26097.3,25957.7
347,25964.5,26086.5,26117.6,25964.0,5463.89,2023-08-25 08:00:00,26033.15,26051.214178051654,26117.6,25964.0
348,26086.6,25920.2,26300.0,25767.1,33320.76,2023-08-25 12:00:00,26018.475,26034.844589025826,26300.0,25767.1
349,25920.0,25960.2,26049.2,25816.5,11042.04,2023-08-25 16:00:00,25936.475,25985.65979451291,26049.2,25816.5
350,25960.9,26048.4,26073.5,25944.6,3823.83,2023-08-25 20:00:00,26006.85,25996.254897256455,26073.5,25944.6
351,26048.4,26076.4,26110.5,26019.7,3568.31,2023-08-26 00:00:00,26063.75,26030.002448628227,26110.5,26019.7
352,26076.4,26038.7,26077.9,26037.0,1910.68,2023-08-26 04:00:00,26057.5,26043.751224314114,26077.9,26037.0
353,26038.7,26036.4,26048.8,25993.5,2723.6,2023-08-26 08:00:00,26029.35,26036.550612157058,26048.8,25993.5
354,26036.6,26041.0,26065.8,25976.7,3031.47,2023-08-26 12:00:00,26030.024999999998,26033.28780607853,26065.8,25976.7
355,26041.0,26024.6,26048.6,25995.4,1971.0,2023-08-26 16:00:00,26027.4,26030.343903039266,26048.6,25995.4
356,26024.6,26007.9,26037.8,25979.2,1969.28,2023-08-26 20:00:00,26012.375,26021.35945151963,26037.8,25979.2
357,26007.9,26009.9,26020.9,25957.4,2535.79,2023-08-27 00:00:00,25999.025,26010.192225759816,26020.9,25957.4
358,26009.9,26027.2,26037.9,26009.8,1666.59,2023-08-27 04:00:00,26021.2,26015.69611287991,26037.9,26009.8
359,26027.2,26051.8,26085.4,26018.3,6591.93,2023-08-27 08:00:00,26045.675000000003,26030.685556439956,26085.4,26018.3
360,26051.9,26114.2,26173.1,26044.8,5302.32,2023-08-27 12:00:00,26096.0,26063.34277821998,26173.1,26044.8
361,26114.3,26115.4,26170.0,26026.2,5116.24,2023-08-27 16:00:00,26106.475,26084.90888910999,26170.0,26026.2
362,26115.4,26090.2,26124.4,26028.8,2707.8,2023-08-27 20:00:00,26089.7,26087.304444554997,26124.4,26028.8
363,26090.2,26004.0,26094.0,25973.9,5615.51,2023-08-28 00:00:00,26040.525,26063.9147222775,26094.0,25973.9
364,26004.0,25919.6,26025.2,25859.3,7215.94,2023-08-28 04:00:00,25952.025,26007.96986113875,26025.2,25859.3
365,25920.0,25989.7,25991.7,25856.8,6619.54,2023-08-28 08:00:00,25939.55,25973.759930569373,25991.7,25856.8
366,25989.7,26092.2,26241.3,25977.8,15816.77,2023-08-28 12:00:00,26075.25,26024.504965284686,26241.3,25977.8
367,26092.7,25986.9,26186.9,25905.3,9614.54,2023-08-28 16:00:00,26042.950000000004,26033.727482642345,26186.9,25905.3
368,25986.9,26106.7,26169.1,25937.4,5352.87,2023-08-28 20:00:00,26050.024999999998,26041.876241321173,26169.1,25937.4
369,26106.4,26071.4,26193.8,26054.4,4989.69,2023-08-29 00:00:00,26106.5,26074.188120660587,26193.8,26054.4
370,26071.3,25993.6,26080.1,25980.1,4348.68,2023-08-29 04:00:00,26031.275,26052.731560330292,26080.1,25980.1
371,25993.5,25963.9,26034.8,25905.4,7590.21,2023-08-29 08:00:00,25974.4,26013.565780165147,26034.8,25905.4
372,25963.9,27419.7,27691.6,25951.3,86317.7,2023-08-29 12:00:00,26756.625,26385.095390082573,27691.6,25951.3
373,27413.5,27823.7,28155.2,27343.8,45466.12,2023-08-29 16:00:00,27684.05,27034.572695041286,28155.2,27034.572695041286
374,27823.7,27708.3,27879.0,27525.4,12715.25,2023-08-29 20:00:00,27734.100000000002,27384.336347520642,27879.0,27384.336347520642
375,27707.9,27381.9,27762.5,27274.0,13703.25,2023-08-30 00:00:00,27531.574999999997,27457.95567376032,27762.5,27274.0
376,27381.9,27430.6,27463.8,27363.0,5095.9,2023-08-30 04:00:00,27409.824999999997,27433.89033688016,27463.8,27363.0
377,27430.6,27328.5,27491.7,27297.0,7911.03,2023-08-30 08:00:00,27386.95,27410.42016844008,27491.7,27297.0
378,27328.8,27195.3,27455.3,26995.4,30071.97,2023-08-30 12:00:00,27243.7,27327.06008422004,27455.3,26995.4
379,27195.2,27166.3,27277.8,27058.9,8426.75,2023-08-30 16:00:00,27174.55,27250.80504211002,27277.8,27058.9
380,27166.3,27289.7,27325.2,27166.3,5332.57,2023-08-30 20:00:00,27236.875,27243.84002105501,27325.2,27166.3
381,27289.7,27208.0,27290.0,27170.3,3850.26,2023-08-31 00:00:00,27239.5,27241.670010527505,27290.0,27170.3
382,27208.0,27252.9,27287.8,27205.8,3866.58,2023-08-31 04:00:00,27238.625,27240.147505263754,27287.8,27205.8
383,27253.0,27294.5,27563.0,27180.5,13644.73,2023-08-31 08:00:00,27322.75,27281.448752631877,27563.0,27180.5
384,27294.5,26912.4,27307.5,26783.8,26214.37,2023-08-31 12:00:00,27074.550000000003,27177.99937631594,27307.5,26783.8
385,26912.3,26152.1,26914.5,25940.9,58183.31,2023-08-31 16:00:00,26479.950000000004,26828.97468815797,26914.5,25940.9
386,26150.5,25926.6,26178.5,25641.0,22788.75,2023-08-31 20:00:00,25974.15,26401.562344078986,26401.562344078986,25641.0
387,25927.1,26067.3,26085.4,25917.0,5982.32,2023-09-01 00:00:00,25999.2,26200.381172039495,26200.381172039495,25917.0
388,26067.3,25977.0,26082.9,25967.9,4275.62,2023-09-01 04:00:00,26023.775,26112.07808601975,26112.07808601975,25967.9
389,25976.9,26031.3,26061.1,25947.3,5157.19,2023-09-01 08:00:00,26004.15,26058.114043009875,26061.1,25947.3
390,26031.1,25796.5,26136.1,25559.5,27021.98,2023-09-01 12:00:00,25880.8,25969.45702150494,26136.1,25559.5
391,25796.4,25635.0,25948.1,25313.9,27498.11,2023-09-01 16:00:00,25673.35,25821.40351075247,25948.1,25313.9
392,25635.0,25793.2,25923.7,25560.2,7982.88,2023-09-01 20:00:00,25728.024999999998,25774.71425537623,25923.7,25560.2
393,25793.3,25785.3,25829.1,25739.9,2924.99,2023-09-02 00:00:00,25786.899999999998,25780.807127688116,25829.1,25739.9
394,25785.2,25781.8,25835.5,25755.2,2656.52,2023-09-02 04:00:00,25789.425,25785.116063844056,25835.5,25755.2
395,25781.7,25802.0,25847.9,25762.5,3483.59,2023-09-02 08:00:00,25798.525,25791.82053192203,25847.9,25762.5
396,25802.1,25881.0,25973.6,25774.4,5141.41,2023-09-02 12:00:00,25857.775,25824.797765961015,25973.6,25774.4
397,25881.1,25823.9,25926.8,25753.2,3391.27,2023-09-02 16:00:00,25846.25,25835.52388298051,25926.8,25753.2
398,25823.9,25860.0,25894.4,25806.9,1356.22,2023-09-02 20:00:00,25846.300000000003,25840.911941490256,25894.4,25806.9
399,25860.0,25852.4,25897.7,25815.5,1707.09,2023-09-03 00:00:00,25856.4,25848.65597074513,25897.7,25815.5
400,25852.3,25939.0,25940.5,25852.2,1885.41,2023-09-03 04:00:00,25896.0,25872.327985372565,25940.5,25852.2
401,25939.0,25931.9,25942.3,25864.4,1806.41,2023-09-03 08:00:00,25919.4,25895.86399268628,25942.3,25864.4
402,25931.8,25859.0,26062.9,25802.0,7996.18,2023-09-03 12:00:00,25913.925,25904.894496343142,26062.9,25802.0
403,25859.0,25999.4,26026.0,25790.3,4687.37,2023-09-03 16:00:00,25918.675000000003,25911.784748171573,26026.0,25790.3
404,25999.4,25962.8,26125.9,25920.0,4229.26,2023-09-03 20:00:00,26002.025,25956.904874085787,26125.9,25920.0
405,25962.8,25976.3,26095.7,25870.0,3436.34,2023-09-04 00:00:00,25976.2,25966.552437042894,26095.7,25870.0
406,25976.5,25957.1,26009.8,25904.7,2288.08,2023-09-04 04:00:00,25962.025,25964.28871852145,26009.8,25904.7
407,25957.0,25882.5,26001.4,25857.9,3450.09,2023-09-04 08:00:00,25924.7,25944.494359260723,26001.4,25857.9
408,25882.4,25805.0,25955.6,25715.4,8794.73,2023-09-04 12:00:00,25839.6,25892.04717963036,25955.6,25715.4
409,25805.1,25881.5,25937.0,25799.0,3322.49,2023-09-04 16:00:00,25855.65,25873.84858981518,25937.0,25799.0
410,25881.5,25814.2,25911.6,25615.9,6349.26,2023-09-04 20:00:00,25805.8,25839.82429490759,25911.6,25615.9
411,25814.2,25678.2,25832.6,25560.0,4943.23,2023-09-05 00:00:00,25721.25,25780.537147453797,25832.6,25560.0
412,25678.6,25724.1,25741.3,25662.0,2856.3,2023-09-05 04:00:00,25701.5,25741.0185737269,25741.3,25662.0
413,25724.1,25770.2,25795.0,25638.1,4521.39,2023-09-05 08:00:00,25731.85,25736.43428686345,25795.0,25638.1
414,25770.2,25747.2,25889.1,25616.3,9767.47,2023-09-05 12:00:00,25755.7,25746.067143431726,25889.1,25616.3
415,25747.2,25670.0,25835.6,25670.0,3422.77,2023-09-05 16:00:00,25730.7,25738.383571715865,25835.6,25670.0
416,25670.0,25780.4,25793.1,25660.2,2164.66,2023-09-05 20:00:00,25725.925000000003,25732.154285857934,25793.1,25660.2
417,25780.3,25769.4,25855.7,25759.6,2388.98,2023-09-06 00:00:00,25791.25,25761.702142928967,25855.7,25759.6
418,25769.6,25713.8,25779.0,25712.5,2575.37,2023-09-06 04:00:00,25743.725000000002,25752.713571464483,25779.0,25712.5
419,25713.8,25721.5,25765.0,25702.1,2103.9,2023-09-06 08:00:00,25725.6,25739.15678573224,25765.0,25702.1
420,25721.5,25575.2,25768.0,25532.0,8331.87,2023-09-06 12:00:00,25649.175,25694.16589286612,25768.0,25532.0
421,25575.0,25674.1,26036.7,25363.0,18570.2,2023-09-06 16:00:00,25662.199999999997,25678.18294643306,26036.7,25363.0
422,25674.1,25746.3,25772.2,25640.0,2641.86,2023-09-06 20:00:00,25708.15,25693.16647321653,25772.2,25640.0
423,25746.2,25822.0,25824.4,25708.3,2432.1,2023-09-07 00:00:00,25775.225000000002,25734.195736608264,25824.4,25708.3
424,25821.9,25750.5,25832.1,25735.0,2456.23,2023-09-07 04:00:00,25784.875,25759.535368304132,25832.1,25735.0
425,25750.5,25698.2,25750.6,25680.9,2251.02,2023-09-07 08:00:00,25720.05,25739.792684152068,25750.6,25680.9
426,25695.8,25770.6,25823.0,25604.7,7914.45,2023-09-07 12:00:00,25723.525,25731.658842076034,25823.0,25604.7
427,25770.7,25869.0,25966.1,25764.1,7373.76,2023-09-07 16:00:00,25842.475,25787.066921038015,25966.1,25764.1
428,25868.7,26240.9,26424.9,25845.9,17234.43,2023-09-07 20:00:00,26095.1,25941.083460519007,26424.9,25845.9
429,26241.0,26240.1,26433.2,26189.5,5316.35,2023-09-08 00:00:00,26275.949999999997,26108.5167302595,26433.2,26108.5167302595
430,26240.0,26244.8,26372.0,26180.0,4729.82,2023-09-08 04:00:00,26259.2,26183.858365129752,26372.0,26180.0
431,26244.9,25828.6,26257.7,25637.3,13767.14,2023-09-08 08:00:00,25992.125,26087.991682564876,26257.7,25637.3
432,25828.7,25833.2,25943.9,25783.7,4625.34,2023-09-08 12:00:00,25847.375,25967.683341282438,25967.683341282438,25783.7
433,25833.1,25888.1,25888.1,25712.7,4376.92,2023-09-08 16:00:00,25830.5,25899.091670641217,25899.091670641217,25712.7
434,25888.2,25900.7,25923.7,25837.9,1787.62,2023-09-08 20:00:00,25887.625,25893.35833532061,25923.7,25837.9
435,25900.7,25865.0,25900.9,25838.2,1467.54,2023-09-09 00:00:00,25876.2,25884.779167660305,25900.9,25838.2
436,25865.0,25873.1,25886.1,25825.0,1584.37,2023-09-09 04:00:00,25862.300000000003,25873.539583830156,25886.1,25825.0
437,25873.2,25852.3,25896.2,25837.4,1796.5,2023-09-09 08:00:00,25864.775,25869.15729191508,25896.2,25837.4
438,25852.1,25882.5,25918.6,25786.4,3033.21,2023-09-09 12:00:00,25859.9,25864.52864595754,25918.6,25786.4
439,25882.4,25860.7,25939.2,25838.6,1745.51,2023-09-09 16:00:00,25880.225000000002,25872.37682297877,25939.2,25838.6
440,25860.8,25893.3,25909.0,25847.5,1050.78,2023-09-09 20:00:00,25877.65,25875.013411489388,25909.0,25847.5
441,25893.3,25854.9,25895.0,25820.5,1863.41,2023-09-10 00:00:00,25865.925000000003,25870.469205744696,25895.0,25820.5
442,25854.9,25845.4,25866.0,25751.6,2928.56,2023-09-10 04:00:00,25829.475,25849.972102872347,25866.0,25751.6
443,25845.4,25787.0,25859.3,25784.0,1736.07,2023-09-10 08:00:00,25818.925,25834.448551436173,25859.3,25784.0
444,25787.0,25765.9,25827.6,25707.3,3334.9,2023-09-10 12:00:00,25771.949999999997,25803.199275718085,25827.6,25707.3
445,25765.9,25788.3,25847.1,25551.4,6924.38,2023-09-10 16:00:00,25738.175,25770.687137859044,25847.1,25551.4
446,25788.3,25828.7,26019.8,25760.3,6676.35,2023-09-10 20:00:00,25849.274999999998,25809.98106892952,26019.8,25760.3
447,25828.7,25728.4,25866.9,25645.5,4586.58,2023-09-11 00:00:00,25767.375,25788.67803446476,25866.9,25645.5
448,25728.4,25806.1,25894.1,25708.5,3718.89,2023-09-11 04:00:00,25784.275,25786.476517232382,25894.1,25708.5
449,25806.1,25591.0,25823.1,25564.7,8390.53,2023-09-11 08:00:00,25696.225,25741.35075861619,25823.1,25564.7
450,25591.0,25099.4,25744.0,24928.6,31674.32,2023-09-11 12:00:00,25340.75,25541.050379308093,25744.0,24928.6
451,25099.4,25006.8,25232.0,24977.1,9140.41,2023-09-11 16:00:00,25078.825,25309.93768965405,25309.93768965405,24977.1
452,25006.8,25150.3,25206.2,24882.3,6105.73,2023-09-11 20:00:00,25061.4,25185.668844827025,25206.2,24882.3
453,25150.3,25786.7,25941.1,25117.1,17288.63,2023-09-12 00:00:00,25498.8,25342.234422413512,25941.1,25117.1
454,25786.6,25812.4,25976.1,25598.8,12903.66,2023-09-12 04:00:00,25793.475,25567.854711206754,25976.1,25567.854711206754
455,25812.4,26086.0,26315.0,25722.1,15723.5,2023-09-12 08:00:00,25983.875,25775.864855603377,26315.0,25722.1
456,26088.3,26195.0,26378.5,26024.4,14439.17,2023-09-12 12:00:00,26171.550000000003,25973.707427801688,26378.5,25973.707427801688
457,26196.7,26049.9,26559.2,25875.3,18715.32,2023-09-12 16:00:00,26170.275,26071.991213900845,26559.2,25875.3
458,26049.9,25827.8,26148.6,25780.7,5683.17,2023-09-12 20:00:00,25951.75,26011.870606950422,26148.6,25780.7
459,25827.8,25869.0,25973.2,25747.6,5189.92,2023-09-13 00:00:00,25854.4,25933.13530347521,25973.2,25747.6
460,25868.9,25866.5,26098.9,25839.4,6865.03,2023-09-13 04:00:00,25918.425000000003,25925.780151737607,26098.9,25839.4
461,25866.2,26188.4,26235.0,25851.0,8897.83,2023-09-13 08:00:00,26035.15,25980.465075868804,26235.0,25851.0
462,26188.4,26231.1,26373.5,26026.1,14501.63,2023-09-13 12:00:00,26204.775,26092.6200379344,26373.5,26026.1
463,26231.3,26127.5,26400.6,26040.0,10266.33,2023-09-13 16:00:00,26199.85,26146.2350189672,26400.6,26040.0
464,26127.9,26210.4,26294.4,26127.8,2735.11,2023-09-13 20:00:00,26190.125,26168.1800094836,26294.4,26127.8
465,26210.3,26254.8,26540.3,26108.7,11695.79,2023-09-14 00:00:00,26278.525,26223.3525047418,26540.3,26108.7
466,26254.8,26328.4,26380.2,26149.2,4709.78,2023-09-14 04:00:00,26278.15,26250.7512523709,26380.2,26149.2
467,26332.3,26431.7,26477.0,26257.1,4755.58,2023-09-14 08:00:00,26374.524999999998,26312.638126185448,26477.0,26257.1
468,26431.7,26681.8,26783.1,26329.9,22104.74,2023-09-14 12:00:00,26556.625000000004,26434.631563092727,26783.1,26329.9
469,26681.8,26663.5,26842.0,26534.8,9084.72,2023-09-14 16:00:00,26680.525,26557.578281546364,26842.0,26534.8
470,26663.5,26512.7,26712.1,26462.3,4372.66,2023-09-14 20:00:00,26587.649999999998,26572.61414077318,26712.1,26462.3
471,26512.7,26602.1,26612.8,26437.0,5443.41,2023-09-15 00:00:00,26541.15,26556.882070386593,26612.8,26437.0
472,26602.1,26558.6,26646.6,26537.9,3372.79,2023-09-15 04:00:00,26586.300000000003,26571.591035193298,26646.6,26537.9
473,26558.7,26416.6,26671.0,26367.7,8230.55,2023-09-15 08:00:00,26503.5,26537.54551759665,26671.0,26367.7
474,26417.2,26311.6,26508.1,26211.0,16759.43,2023-09-15 12:00:00,26361.975,26449.760258798324,26508.1,26211.0
475,26311.6,26386.7,26432.8,26304.2,3879.69,2023-09-15 16:00:00,26358.824999999997,26404.292629399162,26432.8,26304.2
476,26386.8,26591.1,26880.3,26360.0,10127.43,2023-09-15 20:00:00,26554.550000000003,26479.421314699583,26880.3,26360.0
477,26591.1,26604.9,26763.4,26560.0,4806.61,2023-09-16 00:00:00,26629.85,26554.63565734979,26763.4,26554.63565734979
478,26605.0,26484.6,26610.9,26455.0,4784.78,2023-09-16 04:00:00,26538.875,26546.755328674895,26610.9,26455.0
479,26484.7,26512.0,26574.0,26433.3,4287.54,2023-09-16 08:00:00,26501.0,26523.877664337448,26574.0,26433.3
480,26512.0,26495.7,26567.0,26468.9,2484.39,2023-09-16 12:00:00,26510.899999999998,26517.388832168723,26567.0,26468.9
481,26495.7,26522.5,26609.8,26486.5,2628.38,2023-09-16 16:00:00,26528.625,26523.006916084363,26609.8,26486.5
482,26522.5,26547.4,26566.0,26497.3,1520.23,2023-09-16 20:00:00,26533.300000000003,26528.153458042183,26566.0,26497.3
483,26547.5,26513.3,26548.2,26407.1,3429.14,2023-09-17 00:00:00,26504.024999999998,26516.08922902109,26548.2,26407.1
484,26513.3,26484.9,26553.3,26481.6,1675.66,2023-09-17 04:00:00,26508.275,26512.182114510546,26553.3,26481.6
485,26484.9,26554.7,26611.6,26480.3,2808.62,2023-09-17 08:00:00,26532.875,26522.528557255275,26611.6,26480.3
486,26554.7,26536.5,26587.2,26510.9,2105.01,2023-09-17 12:00:00,26547.325,26534.92677862764,26587.2,26510.9
487,26536.4,26491.7,26539.8,26451.5,2598.45,2023-09-17 16:00:00,26504.85,26519.88838931382,26539.8,26451.5
488,26491.7,26513.7,26525.8,26390.0,3535.8,2023-09-17 20:00:00,26480.3,26500.094194656907,26525.8,26390.0
489,26513.7,26645.7,26737.6,26369.1,8863.03,2023-09-18 00:00:00,26566.524999999998,26533.30959732845,26737.6,26369.1
490,26645.7,26700.0,26779.6,26551.7,5446.95,2023-09-18 04:00:00,26669.25,26601.279798664225,26779.6,26551.7
491,26700.0,27185.8,27232.8,26670.0,19027.7,2023-09-18 08:00:00,26947.15,26774.214899332113,27232.8,26670.0
492,27185.9,27260.0,27401.0,27123.8,15138.42,2023-09-18 12:00:00,27242.675,27008.444949666056,27401.0,27008.444949666056
493,27259.9,26804.2,27299.7,26616.2,19572.34,2023-09-18 16:00:00,26995.0,27001.722474833026,27299.7,26616.2
494,26804.6,26751.5,26869.0,26718.8,4193.75,2023-09-18 20:00:00,26785.975,26893.848737416512,26893.848737416512,26718.8
495,26750.2,26807.9,26827.3,26655.3,4115.43,2023-09-19 00:00:00,26760.175000000003,26827.011868708258,26827.3,26655.3
496,26807.8,26834.0,26861.3,26743.4,3086.32,2023-09-19 04:00:00,26811.625,26819.31843435413,26861.3,26743.4
497,26834.0,27227.1,27464.4,26833.8,18755.26,2023-09-19 08:00:00,27089.824999999997,26954.571717177063,27464.4,26833.8
498,27227.1,27410.2,27467.8,26869.1,24852.56,2023-09-19 12:00:00,27243.55,27099.06085858853,27467.8,26869.1
499,27410.2,27170.5,27468.7,27058.6,11727.64,2023-09-19 16:00:00,27277.0,27188.030429294267,27468.7,27058.6
500,27170.5,27193.0,27212.2,26977.0,5345.82,2023-09-19 20:00:00,27138.175,27163.10271464713,27212.2,26977.0
501,27193.0,27105.3,27375.1,27070.5,7225.3,2023-09-20 00:00:00,27185.975000000002,27174.53885732357,27375.1,27070.5
502,27105.3,27086.7,27146.3,26924.5,7822.78,2023-09-20 04:00:00,27065.7,27120.119428661783,27146.3,26924.5
503,27087.1,27081.3,27180.0,26931.9,8411.97,2023-09-20 08:00:00,27070.075,27095.09721433089,27180.0,26931.9
504,27081.2,27165.7,27224.0,26976.3,9762.2,2023-09-20 12:00:00,27111.8,27103.448607165446,27224.0,26976.3
505,27165.7,26911.4,27284.4,26776.7,17854.79,2023-09-20 16:00:00,27034.550000000003,27068.999303582725,27284.4,26776.7
506,26913.7,27107.6,27236.4,26905.0,8476.31,2023-09-20 20:00:00,27040.675000000003,27054.837151791362,27236.4,26905.0
507,27107.8,27023.9,27145.0,26920.0,5353.73,2023-09-21 00:00:00,27049.175000000003,27052.006075895682,27145.0,26920.0
508,27024.0,26977.8,27086.8,26966.2,3884.82,2023-09-21 04:00:00,27013.7,27032.85303794784,27086.8,26966.2
509,26977.8,26718.0,27004.6,26611.3,17224.63,2023-09-21 08:00:00,26827.925,26930.389018973918,27004.6,26611.3
510,26718.0,26565.0,26765.0,26359.0,19400.63,2023-09-21 12:00:00,26601.75,26766.06950948696,26766.06950948696,26359.0
511,26565.0,26580.0,26680.2,26530.7,5577.73,2023-09-21 16:00:00,26588.975,26677.52225474348,26680.2,26530.7
512,26580.2,26548.8,26603.3,26482.8,3053.59,2023-09-21 20:00:00,26553.775,26615.64862737174,26615.64862737174,26482.8
513,26548.7,26610.6,26648.0,26451.4,5653.56,2023-09-22 00:00:00,26564.675000000003,26590.16181368587,26648.0,26451.4
514,26610.6,26654.6,26685.4,26559.4,3965.57,2023-09-22 04:00:00,26627.5,26608.830906842937,26685.4,26559.4
515,26654.7,26625.9,26726.6,26571.3,4391.22,2023-09-22 08:00:00,26644.625,26626.72795342147,26726.6,26571.3
516,26626.2,26618.2,26681.4,26540.0,5582.03,2023-09-22 12:00:00,26616.45,26621.588976710736,26681.4,26540.0
517,26618.2,26519.6,26629.9,26511.7,3727.79,2023-09-22 16:00:00,26569.85,26595.719488355368,26629.9,26511.7
518,26519.0,26562.3,26579.7,26467.8,2560.74,2023-09-22 20:00:00,26532.2,26563.959744177686,26579.7,26467.8
519,26562.4,26515.1,26600.0,26507.9,1827.06,2023-09-23 00:00:00,26546.35,26555.154872088842,26600.0,26507.9
520,26515.1,26565.0,26569.3,26492.5,1497.85,2023-09-23 04:00:00,26535.475,26545.314936044422,26569.3,26492.5
521,26564.9,26561.0,26575.9,26537.4,998.87,2023-09-23 08:00:00,26559.800000000003,26552.557468022213,26575.9,26537.4
522,26561.0,26562.5,26573.3,26528.0,1307.6,2023-09-23 12:00:00,26556.2,26554.37873401111,26573.3,26528.0
523,26562.6,26592.9,26615.8,26541.1,1894.07,2023-09-23 16:00:00,26578.1,26566.239367005554,26615.8,26541.1
524,26591.4,26560.5,26597.5,26541.5,933.65,2023-09-23 20:00:00,26572.725,26569.482183502776,26597.5,26541.5
525,26560.4,26554.0,26575.3,26541.2,803.79,2023-09-24 00:00:00,26557.725,26563.603591751387,26575.3,26541.2
526,26554.0,26548.0,26557.9,26529.6,914.64,2023-09-24 04:00:00,26547.375,26555.489295875694,26557.9,26529.6
527,26548.0,26581.7,26596.8,26548.0,1350.96,2023-09-24 08:00:00,26568.625,26562.05714793785,26596.8,26548.0
528,26581.6,26561.8,26606.0,26546.5,1519.21,2023-09-24 12:00:00,26573.975000000002,26568.016073968924,26606.0,26546.5
529,26562.1,26431.9,26723.0,26328.5,10318.89,2023-09-24 16:00:00,26511.375,26539.69553698446,26723.0,26328.5
530,26432.0,26231.7,26509.3,26086.0,7885.7,2023-09-24 20:00:00,26314.75,26427.222768492233,26509.3,26086.0
531,26231.7,26142.4,26316.7,25975.7,12084.57,2023-09-25 00:00:00,26166.625,26296.923884246116,26316.7,25975.7
532,26142.5,26172.5,26180.1,26024.4,5957.11,2023-09-25 04:00:00,26129.875,26213.39944212306,26213.39944212306,26024.4
533,26170.6,26059.8,26213.2,26004.5,5007.61,2023-09-25 08:00:00,26112.025,26162.71222106153,26213.2,26004.5
534,26059.9,26226.7,26286.8,25985.8,9069.42,2023-09-25 12:00:00,26139.8,26151.256110530765,26286.8,25985.8
535,26227.3,26309.0,26409.7,26204.4,8853.86,2023-09-25 16:00:00,26287.6,26219.42805526538,26409.7,26204.4
536,26316.0,26288.0,26428.3,26248.3,3724.73,2023-09-25 20:00:00,26320.15,26269.78902763269,26428.3,26248.3
537,26288.0,26338.4,26383.0,26220.2,2985.74,2023-09-26 00:00:00,26307.4,26288.594513816344,26383.0,26220.2
538,26338.5,26258.5,26351.0,26242.3,2525.32,2023-09-26 04:00:00,26297.575,26293.084756908174,26351.0,26242.3
539,26258.5,26260.4,26314.2,26175.0,4488.2,2023-09-26 08:00:00,26252.025,26272.554878454088,26314.2,26175.0
540,26260.5,26112.9,26292.0,26077.2,8382.41,2023-09-26 12:00:00,26185.65,26229.102439227045,26292.0,26077.2
541,26112.9,26234.0,26285.5,26101.0,5388.35,2023-09-26 16:00:00,26183.35,26206.22621961352,26285.5,26101.0
542,26233.8,26207.5,26274.9,26085.0,3867.31,2023-09-26 20:00:00,26200.3,26203.263109806758,26274.9,26085.0
543,26207.6,26266.1,26275.6,26188.0,2567.33,2023-09-27 00:00:00,26234.324999999997,26218.794054903377,26275.6,26188.0
544,26264.8,26231.1,26279.0,26221.2,1688.64,2023-09-27 04:00:00,26249.025,26233.909527451688,26279.0,26221.2
545,26231.2,26753.6,26833.4,26204.9,17325.05,2023-09-27 08:00:00,26505.775,26369.842263725845,26833.4,26204.9
546,26753.5,26294.7,26842.3,26164.0,23964.1,2023-09-27 12:00:00,26513.625,26441.733631862924,26842.3,26164.0
547,26294.7,26257.6,26304.3,26101.0,7009.31,2023-09-27 16:00:00,26239.4,26340.566815931463,26340.566815931463,26101.0
548,26260.0,26358.5,26373.3,26217.0,3502.56,2023-09-27 20:00:00,26302.2,26321.38340796573,26373.3,26217.0
549,26358.5,26369.0,26544.0,26331.5,8950.84,2023-09-28 00:00:00,26400.75,26361.066703982866,26544.0,26331.5
550,26368.9,26447.5,26497.3,26336.1,4304.61,2023-09-28 04:00:00,26412.449999999997,26386.758351991433,26497.3,26336.1
551,26447.4,26465.8,26609.9,26376.9,7126.93,2023-09-28 08:00:00,26475.000000000004,26430.879175995717,26609.9,26376.9
552,26465.7,27018.2,27063.8,26455.9,20881.79,2023-09-28 12:00:00,26750.899999999998,26590.88958799786,27063.8,26455.9
553,27018.3,27096.1,27309.2,26850.0,22456.53,2023-09-28 16:00:00,27068.4,26829.64479399893,27309.2,26829.64479399893
554,27096.3,27018.6,27160.1,26889.2,6250.79,2023-09-28 20:00:00,27041.049999999996,26935.347396999463,27160.1,26889.2
555,27018.9,26951.4,27127.1,26862.9,5675.26,2023-09-29 00:00:00,26990.074999999997,26962.711198499732,27127.1,26862.9
556,26951.5,27173.1,27234.6,26888.0,5942.43,2023-09-29 04:00:00,27061.800000000003,27012.255599249867,27234.6,26888.0
557,27173.0,26964.5,27173.8,26956.8,5718.9,2023-09-29 08:00:00,27067.025,27039.640299624934,27173.8,26956.8
558,26964.5,26878.9,27104.4,26662.0,18885.36,2023-09-29 12:00:00,26902.449999999997,26971.045149812468,27104.4,26662.0
559,26878.9,26920.0,26950.9,26740.0,5548.34,2023-09-29 16:00:00,26872.45,26921.747574906236,26950.9,26740.0
560,26918.3,26899.6,26979.2,26856.8,2331.34,2023-09-29 20:00:00,26913.475,26917.611287453117,26979.2,26856.8
561,26899.6,26906.9,26937.8,26879.7,1589.0,2023-09-30 00:00:00,26906.0,26911.80564372656,26937.8,26879.7
562,26906.9,26921.9,26953.8,26901.8,1266.0,2023-09-30 04:00:00,26921.1,26916.452821863277,26953.8,26901.8
563,26921.9,26929.5,26991.4,26915.0,2135.08,2023-09-30 08:00:00,26939.45,26927.951410931637,26991.4,26915.0
564,26929.5,26990.0,27087.8,26900.1,4073.63,2023-09-30 12:00:00,26976.85,26952.400705465818,27087.8,26900.1
565,26990.0,27016.0,27038.5,26965.0,2053.84,2023-09-30 16:00:00,27002.375,26977.387852732907,27038.5,26965.0
566,27016.1,26956.9,27076.3,26935.8,2151.46,2023-09-30 20:00:00,26996.275,26986.831426366454,27076.3,26935.8
567,26957.5,27041.1,27043.9,26946.6,1463.18,2023-10-01 00:00:00,26997.275,26992.05321318323,27043.9,26946.6
568,27040.8,27099.5,27151.6,27015.1,3097.32,2023-10-01 04:00:00,27076.75,27034.401606591615,27151.6,27015.1
569,27099.6,27185.0,27287.0,27078.9,5561.36,2023-10-01 08:00:00,27162.625,27098.513303295807,27287.0,27078.9
570,27185.0,27140.9,27222.0,27081.7,4078.32,2023-10-01 12:00:00,27157.4,27127.956651647903,27222.0,27081.7
571,27140.8,27097.6,27146.0,27030.7,2493.95,2023-10-01 16:00:00,27103.775,27115.865825823952,27146.0,27030.7
572,27097.6,27988.5,28298.1,27024.4,21226.48,2023-10-01 20:00:00,27602.15,27359.007912911977,28298.1,27024.4
573,27988.8,28118.9,28206.2,27816.1,9722.54,2023-10-02 00:00:00,28032.5,27695.75395645599,28206.2,27695.75395645599
574,28118.1,28305.7,28430.6,27921.5,12770.22,2023-10-02 04:00:00,28193.975,27944.864478227995,28430.6,27921.5
575,28305.6,28192.4,28483.9,28190.0,12528.0,2023-10-02 08:00:00,28292.975,28118.919739113997,28483.9,28118.919739113997
576,28192.4,28030.7,28590.7,27980.0,21398.24,2023-10-02 12:00:00,28198.45,28158.684869557,28590.7,27980.0
577,28030.8,27965.3,28120.0,27632.3,21285.06,2023-10-02 16:00:00,27937.100000000002,28047.8924347785,28120.0,27632.3
578,27965.4,27487.9,27965.4,27267.4,13433.12,2023-10-02 20:00:00,27671.525,27859.70871738925,27965.4,27267.4
579,27486.7,27592.2,27629.7,27373.3,5743.43,2023-10-03 00:00:00,27520.475,27690.091858694625,27690.091858694625,27373.3
580,27592.2,27533.0,27662.2,27516.9,3775.3,2023-10-03 04:00:00,27576.075,27633.083429347313,27662.2,27516.9
581,27533.2,27551.1,27630.8,27461.2,4687.9,2023-10-03 08:00:00,27544.074999999997,27588.579214673657,27630.8,27461.2
582,27551.1,27334.0,27574.4,27237.2,15200.99,2023-10-03 12:00:00,27424.175,27506.377107336826,27574.4,27237.2
583,27334.0,27262.0,27477.5,27238.2,7767.26,2023-10-03 16:00:00,27327.925,27417.151053668415,27477.5,27238.2
584,27262.7,27416.1,27458.9,27152.4,8203.96,2023-10-03 20:00:00,27322.525,27369.838026834208,27458.9,27152.4
585,27416.0,27417.6,27495.1,27195.8,8495.98,2023-10-04 00:00:00,27381.125,27375.481513417104,27495.1,27195.8
586,27417.6,27441.7,27441.7,27339.5,2822.29,2023-10-04 04:00:00,27410.125,27392.803256708554,27441.7,27339.5
587,27442.0,27562.3,27630.0,27422.5,7607.87,2023-10-04 08:00:00,27514.2,27453.50162835428,27630.0,27422.5
588,27562.3,27389.9,27620.0,27316.1,9932.18,2023-10-04 12:00:00,27472.074999999997,27462.788314177138,27620.0,27316.1
589,27389.7,27605.0,27825.3,27386.7,13039.98,2023-10-04 16:00:00,27551.675,27507.231657088567,27825.3,27386.7
590,27605.7,27762.0,27811.7,27550.0,5900.89,2023-10-04 20:00:00,27682.35,27594.790828544283,27811.7,27550.0
591,27762.0,27639.2,27881.5,27635.3,6005.55,2023-10-05 00:00:00,27729.5,27662.14541427214,27881.5,27635.3
592,27639.1,27595.0,27687.5,27537.6,3789.8,2023-10-05 04:00:00,27614.8,27638.47270713607,27687.5,27537.6
593,27595.0,27714.7,27763.6,27580.1,4101.03,2023-10-05 08:00:00,27663.35,27650.911353568034,27763.6,27580.1
594,27715.0,27539.8,28115.9,27392.7,29558.63,2023-10-05 12:00:00,27690.850000000002,27670.880676784018,28115.9,27392.7
595,27539.8,27455.3,27603.9,27339.0,12146.52,2023-10-05 16:00:00,27484.5,27577.690338392007,27603.9,27339.0
596,27455.3,27395.5,27496.6,27365.4,3317.56,2023-10-05 20:00:00,27428.199999999997,27502.945169196002,27502.945169196002,27365.4
597,27395.5,27544.7,27574.0,27383.1,4038.54,2023-10-06 00:00:00,27474.325,27488.635084598,27574.0,27383.1
598,27544.6,27626.9,27641.0,27449.0,4579.45,2023-10-06 04:00:00,27565.375,27527.005042299003,27641.0,27449.0
599,27626.9,27744.8,27788.3,27574.6,9699.19,2023-10-06 08:00:00,27683.649999999998,27605.3275211495,27788.3,27574.6
600,27744.8,27932.0,28041.8,27155.0,34215.68,2023-10-06 12:00:00,27718.4,27661.86376057475,28041.8,27155.0
601,27932.0,27940.8,28033.3,27785.4,11861.98,2023-10-06 16:00:00,27922.875000000004,27792.369380287375,28033.3,27785.4
602,27941.9,27916.1,28276.0,27866.8,11165.95,2023-10-06 20:00:00,28000.199999999997,27896.284690143686,28276.0,27866.8
603,27916.2,27891.4,27945.9,27830.0,4023.37,2023-10-07 00:00:00,27895.875,27896.079845071843,27945.9,27830.0
604,27891.4,27880.9,27933.9,27862.8,1775.14,2023-10-07 04:00:00,27892.25,27894.16492253592,27933.9,27862.8
605,27879.1,27931.0,28015.8,27868.2,4059.57,2023-10-07 08:00:00,27923.524999999998,27908.84496126796,28015.8,27868.2
606,27931.0,27929.8,27975.4,27886.9,2498.15,2023-10-07 12:00:00,27930.775,27919.80998063398,27975.4,27886.9
607,27929.7,27848.9,27952.3,27837.7,2936.95,2023-10-07 16:00:00,27892.15,27905.97999031699,27952.3,27837.7
608,27849.0,27944.3,27950.0,27839.2,1738.44,2023-10-07 20:00:00,27895.625,27900.802495158496,27950.0,27839.2
609,27944.3,28051.1,28081.0,27930.8,3569.24,2023-10-08 00:00:00,28001.800000000003,27951.30124757925,28081.0,27930.8
610,28051.2,27894.2,28062.4,27864.5,4349.48,2023-10-08 04:00:00,27968.075,27959.688123789623,28062.4,27864.5
611,27894.2,27798.3,27927.1,27764.3,5307.6,2023-10-08 08:00:00,27845.975000000002,27902.83156189481,27927.1,27764.3
612,27798.2,27889.7,27998.0,27665.0,9020.73,2023-10-08 12:00:00,27837.725,27870.278280947405,27998.0,27665.0
613,27889.7,27881.8,27940.9,27797.1,3863.91,2023-10-08 16:00:00,27877.375000000004,27873.826640473704,27940.9,27797.1
614,27881.8,27903.5,27973.2,27784.0,3841.95,2023-10-08 20:00:00,27885.625,27879.725820236854,27973.2,27784.0
615,27903.6,27912.2,27977.6,27784.2,4053.22,2023-10-09 00:00:00,27894.399999999998,27887.062910118424,27977.6,27784.2
616,27912.1,27805.0,27935.8,27802.1,2954.55,2023-10-09 04:00:00,27863.75,27875.406455059212,27935.8,27802.1
617,27805.1,27460.0,27832.5,27401.3,16329.3,2023-10-09 08:00:00,27624.725,27750.065727529603,27832.5,27401.3
618,27460.0,27435.5,27566.4,27365.2,10590.22,2023-10-09 12:00:00,27456.775,27603.420363764802,27603.420363764802,27365.2
619,27435.5,27611.0,27737.3,27255.0,16036.13,2023-10-09 16:00:00,27509.7,27556.5601818824,27737.3,27255.0
620,27611.4,27583.3,27646.8,27547.6,2145.26,2023-10-09 20:00:00,27597.274999999998,27576.9175909412,27646.8,27547.6
621,27582.7,27625.3,27687.3,27488.3,4079.03,2023-10-10 00:00:00,27595.9,27586.4087954706,27687.3,27488.3
622,27625.4,27640.9,27700.0,27572.0,3012.16,2023-10-10 04:00:00,27634.574999999997,27610.4918977353,27700.0,27572.0
623,27640.9,27499.2,27725.9,27495.2,5760.54,2023-10-10 08:00:00,27590.3,27600.39594886765,27725.9,27495.2
624,27499.1,27394.4,27617.6,27324.5,16883.1,2023-10-10 12:00:00,27458.9,27529.647974433825,27617.6,27324.5
625,27394.5,27387.8,27500.6,27285.8,10176.45,2023-10-10 16:00:00,27392.175,27460.911487216912,27500.6,27285.8
626,27387.8,27379.0,27461.0,27310.5,3541.5,2023-10-10 20:00:00,27384.575,27422.743243608456,27461.0,27310.5
627,27379.0,26993.2,27466.6,26990.4,12287.83,2023-10-11 00:00:00,27207.3,27315.021621804226,27466.6,26990.4
628,26995.3,27005.4,27124.6,26946.4,6622.73,2023-10-11 04:00:00,27017.924999999996,27166.47331090211,27166.47331090211,26946.4
629,27005.5,27183.2,27320.0,27000.0,10669.2,2023-10-11 08:00:00,27127.175,27146.824155451053,27320.0,27000.0
630,27183.1,26765.2,27249.0,26721.3,17960.06,2023-10-11 12:00:00,26979.649999999998,27063.237077725527,27249.0,26721.3
631,26764.8,26750.9,26783.3,26519.7,16484.28,2023-10-11 16:00:00,26704.675000000003,26883.956038862765,26883.956038862765,26519.7
632,26750.8,26862.0,26869.5,26667.5,4744.49,2023-10-11 20:00:00,26787.45,26835.703019431385,26869.5,26667.5
633,26862.1,26833.3,26928.4,26718.8,5106.97,2023-10-12 00:00:00,26835.65,26835.676509715693,26928.4,26718.8
634,26833.1,26796.1,26905.3,26766.7,3890.48,2023-10-12 04:00:00,26825.299999999996,26830.488254857846,26905.3,26766.7
635,26796.1,26822.6,26853.5,26650.0,7003.19,2023-10-12 08:00:00,26780.550000000003,26805.519127428925,26853.5,26650.0
636,26822.7,26658.6,26850.0,26604.2,9407.68,2023-10-12 12:00:00,26733.875,26769.697063714462,26850.0,26604.2
637,26662.4,26697.2,26793.1,26533.9,9821.79,2023-10-12 16:00:00,26671.649999999998,26720.673531857232,26793.1,26533.9
638,26697.1,26742.2,26761.9,26689.1,2775.03,2023-10-12 20:00:00,26722.575,26721.624265928614,26761.9,26689.1
639,26742.1,26765.9,26864.0,26733.1,3866.55,2023-10-13 00:00:00,26776.275,26748.949632964308,26864.0,26733.1
640,26766.0,26860.9,26926.0,26762.3,4057.92,2023-10-13 04:00:00,26828.800000000003,26788.874816482155,26926.0,26762.3
641,26857.9,26807.0,26889.9,26722.2,4554.91,2023-10-13 08:00:00,26819.25,26804.06240824108,26889.9,26722.2
642,26806.9,26694.5,26951.3,26668.6,9501.07,2023-10-13 12:00:00,26780.324999999997,26792.19370412054,26951.3,26668.6
643,26694.5,26768.4,26799.2,26674.0,4536.3,2023-10-13 16:00:00,26734.025,26763.10935206027,26799.2,26674.0
644,26768.4,26846.0,27110.0,26732.5,15470.1,2023-10-13 20:00:00,26864.225,26813.667176030132,27110.0,26732.5
645,26845.9,26914.7,26970.0,26826.6,3145.34,2023-10-14 00:00:00,26889.3,26851.483588015064,26970.0,26826.6
646,26914.5,26855.0,26924.5,26826.5,2505.26,2023-10-14 04:00:00,26880.125,26865.804294007532,26924.5,26826.5
647,26855.0,26859.0,26888.0,26835.0,1613.63,2023-10-14 08:00:00,26859.25,26862.527147003766,26888.0,26835.0
648,26859.0,26926.8,26929.3,26836.5,2126.67,2023-10-14 12:00:00,26887.9,26875.213573501882,26929.3,26836.5
649,26926.9,26848.3,26936.4,26834.5,2087.79,2023-10-14 16:00:00,26886.525,26880.86928675094,26936.4,26834.5
650,26848.3,26834.7,26865.9,26771.8,2032.6,2023-10-14 20:00:00,26830.175,26855.52214337547,26865.9,26771.8
651,26834.7,26865.9,26892.6,26797.5,1732.9,2023-10-15 00:00:00,26847.675000000003,26851.598571687737,26892.6,26797.5
652,26866.0,26868.8,26874.2,26855.8,850.39,2023-10-15 04:00:00,26866.2,26858.89928584387,26874.2,26855.8
653,26868.7,26838.8,26907.2,26827.9,1715.51,2023-10-15 08:00:00,26860.65,26859.774642921933,26907.2,26827.9
654,26838.7,26879.3,26950.0,26792.5,5522.09,2023-10-15 12:00:00,26865.125,26862.449821460967,26950.0,26792.5
655,26879.3,27027.9,27067.6,26875.1,5476.61,2023-10-15 16:00:00,26962.475,26912.462410730484,27067.6,26875.1
656,27027.9,27137.7,27280.1,27002.0,12775.61,2023-10-15 20:00:00,27111.925,27012.193705365244,27280.1,27002.0
657,27137.7,27223.1,27274.3,27096.1,5916.76,2023-10-16 00:00:00,27182.800000000003,27097.496852682623,27274.3,27096.1
658,27223.1,27837.9,27973.9,27182.0,25796.95,2023-10-16 04:00:00,27554.225,27325.86092634131,27973.9,27182.0
659,27837.9,27741.2,27895.0,27632.5,8359.43,2023-10-16 08:00:00,27776.649999999998,27551.25546317065,27895.0,27551.25546317065
660,27741.1,28053.9,30608.9,27696.8,75782.18,2023-10-16 12:00:00,28525.175000000003,28038.215231585327,30608.9,27696.8
661,28054.0,28454.0,28797.9,28052.5,18586.41,2023-10-16 16:00:00,28339.6,28188.90761579266,28797.9,28052.5
662,28454.1,28484.7,28631.7,28218.6,8676.82,2023-10-16 20:00:00,28447.274999999998,28318.091307896328,28631.7,28218.6
663,28484.7,28261.3,28532.9,28224.9,6132.88,2023-10-17 00:00:00,28375.95,28347.020653948166,28532.9,28224.9
664,28261.2,28411.0,28456.8,28057.9,9848.24,2023-10-17 04:00:00,28296.725,28321.872826974082,28456.8,28057.9
665,28411.0,28413.8,28600.0,28342.7,9672.79,2023-10-17 08:00:00,28441.875,28381.87391348704,28600.0,28342.7
666,28413.6,28450.7,28566.6,28122.8,17052.14,2023-10-17 12:00:00,28388.425,28385.149456743522,28566.6,28122.8
667,28450.4,28505.3,28601.2,28296.7,8060.82,2023-10-17 16:00:00,28463.4,28424.27472837176,28601.2,28296.7
668,28505.4,28386.9,28548.0,28363.6,3442.35,2023-10-17 20:00:00,28450.975,28437.62486418588,28548.0,28363.6
669,28386.9,28504.0,28507.8,28314.1,5370.16,2023-10-18 00:00:00,28428.199999999997,28432.91243209294,28507.8,28314.1
670,28504.1,28486.2,28986.1,28432.1,17538.97,2023-10-18 04:00:00,28602.124999999996,28517.51871604647,28986.1,28432.1
671,28486.3,28336.0,28586.7,28216.4,9912.39,2023-10-18 08:00:00,28406.35,28461.934358023234,28586.7,28216.4
672,28335.0,28236.9,28398.6,28130.0,11130.86,2023-10-18 12:00:00,28275.125,28368.52967901162,28398.6,28130.0
673,28236.9,28237.4,28425.5,28218.4,6995.3,2023-10-18 16:00:00,28279.550000000003,28324.03983950581,28425.5,28218.4
674,28237.5,28313.5,28367.0,28179.5,3491.9,2023-10-18 20:00:00,28274.375,28299.207419752907,28367.0,28179.5
675,28313.6,28247.9,28409.0,28101.9,6920.3,2023-10-19 00:00:00,28268.1,28283.653709876453,28409.0,28101.9
676,28248.0,28319.2,28337.6,28216.2,3520.16,2023-10-19 04:00:00,28280.25,28281.951854938226,28337.6,28216.2
677,28319.2,28442.0,28505.8,28273.8,8071.71,2023-10-19 08:00:00,28385.2,28333.575927469115,28505.8,28273.8
678,28442.1,28666.2,28807.0,28410.0,31285.58,2023-10-19 12:00:00,28581.325,28457.45046373456,28807.0,28410.0
679,28666.2,28740.7,28917.1,28444.7,14521.27,2023-10-19 16:00:00,28692.175,28574.812731867278,28917.1,28444.7
680,28739.2,28700.8,28872.5,28586.0,6027.45,2023-10-19 20:00:00,28724.625,28649.71886593364,28872.5,28586.0
681,28700.8,29227.0,29399.0,28562.4,18169.11,2023-10-20 00:00:00,28972.300000000003,28811.00943296682,29399.0,28562.4
682,29227.4,29233.2,29406.9,29116.4,10774.53,2023-10-20 04:00:00,29245.975000000002,29028.492216483413,29406.9,29028.492216483413
683,29233.2,29834.9,30245.6,29222.3,31785.13,2023-10-20 08:00:00,29634.0,29331.246108241707,30245.6,29222.3
684,29834.8,29544.3,29905.8,29368.9,18636.61,2023-10-20 12:00:00,29663.45,29497.348054120856,29905.8,29368.9
685,29544.4,29548.9,29584.3,29309.9,6798.84,2023-10-20 16:00:00,29496.875,29497.111527060428,29584.3,29309.9
686,29549.0,29655.0,29771.6,29500.0,5164.47,2023-10-20 20:00:00,29618.9,29558.005763530215,29771.6,29500.0
687,29654.9,29594.8,29683.9,29453.1,4141.14,2023-10-21 00:00:00,29596.675,29577.340381765105,29683.9,29453.1
688,29594.9,29685.1,29720.0,29531.3,3467.61,2023-10-21 04:00:00,29632.824999999997,29605.08269088255,29720.0,29531.3
689,29685.1,29795.6,29869.3,29622.6,5901.05,2023-10-21 08:00:00,29743.15,29674.116345441274,29869.3,29622.6
690,29795.6,29920.3,29976.8,29663.8,8051.45,2023-10-21 12:00:00,29839.125,29756.620672720637,29976.8,29663.8
691,29920.4,30134.1,30376.8,29830.2,15635.89,2023-10-21 16:00:00,30065.375,29910.99783636032,30376.8,29830.2
692,30134.2,29900.0,30149.3,29828.9,5071.76,2023-10-21 20:00:00,30003.1,29957.04891818016,30149.3,29828.9
693,29900.0,29902.6,30067.1,29832.8,3845.51,2023-10-22 00:00:00,29925.625,29941.33695909008,30067.1,29832.8
694,29902.7,29805.6,30258.5,29619.4,11164.93,2023-10-22 04:00:00,29896.550000000003,29918.943479545043,30258.5,29619.4
695,29805.5,29903.3,29985.7,29766.7,5579.21,2023-10-22 08:00:00,29865.3,29892.12173977252,29985.7,29766.7
696,29903.4,29817.9,29964.3,29775.0,3922.35,2023-10-22 12:00:00,29865.15,29878.63586988626,29964.3,29775.0
697,29817.9,29837.0,29943.1,29795.6,2883.27,2023-10-22 16:00:00,29848.4,29863.51793494313,29943.1,29795.6
698,29837.0,29985.7,30047.0,29703.9,6009.36,2023-10-22 20:00:00,29893.399999999998,29878.458967471564,30047.0,29703.9
699,29985.9,30725.0,30802.2,29875.2,21966.56,2023-10-23 00:00:00,30347.075,30112.766983735783,30802.2,29875.2
700,30727.1,30510.0,30975.0,30415.5,18882.1,2023-10-23 04:00:00,30656.9,30384.833491867892,30975.0,30384.833491867892
701,30510.4,30650.0,30774.6,30345.7,11126.44,2023-10-23 08:00:00,30570.175,30477.504245933946,30774.6,30345.7
702,30650.0,30869.0,30966.0,30386.6,14533.88,2023-10-23 12:00:00,30717.9,30597.702122966974,30966.0,30386.6
703,30869.1,31344.6,31421.1,30643.5,33473.54,2023-10-23 16:00:00,31069.574999999997,30833.638561483487,31421.1,30643.5
704,31344.3,33082.5,35950.5,31308.3,58213.87,2023-10-23 20:00:00,32921.4,31877.519280741744,35950.5,31308.3
705,33081.5,34071.9,35243.4,32838.3,41814.03,2023-10-24 00:00:00,33808.775,32843.14714037087,35243.4,32838.3
706,34069.4,34025.0,34594.8,33720.5,20276.6,2023-10-24 04:00:00,34102.425,33472.78607018544,34594.8,33472.78607018544
707,34024.9,34549.9,34887.4,33964.7,17546.22,2023-10-24 08:00:00,34356.725,33914.755535092714,34887.4,33914.755535092714
708,34549.9,33672.1,34850.9,33242.0,32430.27,2023-10-24 12:00:00,34078.725,33996.74026754635,34850.9,33242.0
709,33672.3,33791.8,34378.2,33377.8,19249.19,2023-10-24 16:00:00,33805.025,33900.88263377317,34378.2,33377.8
710,33791.2,33920.5,34275.4,33482.6,14252.0,2023-10-24 20:00:00,33867.425,33884.15381688659,34275.4,33482.6
711,33920.5,34007.6,34385.0,33773.2,9278.32,2023-10-25 00:00:00,34021.575,33952.86440844329,34385.0,33773.2
712,34007.7,33856.4,34210.0,33678.8,9260.44,2023-10-25 04:00:00,33938.225,33945.54470422164,34210.0,33678.8
713,33856.5,34196.9,34431.1,33778.0,12404.58,2023-10-25 08:00:00,34065.625,34005.58485211082,34431.1,33778.0
714,34197.1,34841.1,35034.7,34196.4,23813.59,2023-10-25 12:00:00,34567.325,34286.454926055405,35034.7,34196.4
715,34842.2,34734.4,35144.8,34381.0,15724.84,2023-10-25 16:00:00,34775.6,34531.0274630277,35144.8,34381.0
716,34735.1,34494.1,34846.0,34250.0,8707.59,2023-10-25 20:00:00,34581.3,34556.16373151385,34846.0,34250.0
717,34494.1,34790.8,34829.2,34417.5,5481.31,2023-10-26 00:00:00,34632.899999999994,34594.53186575692,34829.2,34417.5
718,34790.8,34649.3,34813.1,34403.6,7456.09,2023-10-26 04:00:00,34664.2,34629.365932878456,34813.1,34403.6
719,34649.6,34101.5,34750.0,33960.0,13318.48,2023-10-26 08:00:00,34365.275,34497.320466439225,34750.0,33960.0
720,34101.4,34049.0,34373.5,33853.8,16070.91,2023-10-26 12:00:00,34094.425,34295.872733219614,34373.5,33853.8
721,34049.0,34045.2,34132.3,33751.2,8580.36,2023-10-26 16:00:00,33994.425,34145.14886660981,34145.14886660981,33751.2
722,34045.5,34153.3,34285.9,34023.1,4716.89,2023-10-26 20:00:00,34126.95,34136.0494333049,34285.9,34023.1
723,34153.4,34120.7,34177.5,33774.7,7133.82,2023-10-27 00:00:00,34056.575,34096.31221665245,34177.5,33774.7
724,34122.1,33954.5,34252.0,33932.0,6103.56,2023-10-27 04:00:00,34065.15,34080.731108326225,34252.0,33932.0
725,33954.3,34056.6,34185.2,33951.3,5208.89,2023-10-27 08:00:00,34036.85,34058.79055416311,34185.2,33951.3
726,34056.4,34001.4,34220.0,33823.6,11847.77,2023-10-27 12:00:00,34025.35,34042.070277081555,34220.0,33823.6
727,34001.3,33699.9,34037.0,33378.4,12782.49,2023-10-27 16:00:00,33779.15,33910.61013854078,34037.0,33378.4
728,33700.0,33892.4,33950.0,33678.2,4249.82,2023-10-27 20:00:00,33805.15,33857.880069270395,33950.0,33678.2
729,33892.8,34067.7,34164.6,33865.8,3727.47,2023-10-28 00:00:00,33997.725,33927.80253463519,34164.6,33865.8
730,34067.8,34054.3,34190.0,34024.2,2763.09,2023-10-28 04:00:00,34084.075,34005.938767317595,34190.0,34005.938767317595
731,34054.2,34179.8,34530.3,34034.6,7541.06,2023-10-28 08:00:00,34199.725000000006,34102.8318836588,34530.3,34034.6
732,34179.8,34193.1,34237.0,33927.4,6219.66,2023-10-28 12:00:00,34134.325000000004,34118.578441829406,34237.0,33927.4
733,34193.0,34112.4,34225.3,34075.2,1891.93,2023-10-28 16:00:00,34151.475,34135.0267209147,34225.3,34075.2
734,34112.3,34080.1,34196.6,34060.7,1427.22,2023-10-28 20:00:00,34112.424999999996,34123.72586045734,34196.6,34060.7
735,34080.2,33975.0,34102.1,33948.8,2546.65,2023-10-29 00:00:00,34026.524999999994,34075.12543022867,34102.1,33948.8
736,33975.0,34082.0,34140.6,33927.1,2030.54,2023-10-29 04:00:00,34031.175,34053.150215114336,34140.6,33927.1
737,34082.0,34256.9,34333.0,34080.3,4905.19,2023-10-29 08:00:00,34188.05,34120.60010755717,34333.0,34080.3
738,34257.0,34447.1,34560.1,34256.9,9361.31,2023-10-29 12:00:00,34380.275,34250.43755377858,34560.1,34250.43755377858
739,34448.8,34563.9,34758.5,34373.5,7667.16,2023-10-29 16:00:00,34536.175,34393.30627688929,34758.5,34373.5
740,34563.8,34521.0,34732.0,34397.7,4463.56,2023-10-29 20:00:00,34553.625,34473.46563844464,34732.0,34397.7
741,34521.0,34269.3,34572.3,34170.7,5821.52,2023-10-30 00:00:00,34383.325,34428.39531922232,34572.3,34170.7
742,34269.5,34191.9,34348.6,34106.0,6177.99,2023-10-30 04:00:00,34229.0,34328.69765961116,34348.6,34106.0
743,34191.9,34616.4,34687.3,34157.2,9410.51,2023-10-30 08:00:00,34413.200000000004,34370.94882980558,34687.3,34157.2
744,34616.5,34657.3,34875.0,34471.0,13212.55,2023-10-30 12:00:00,34654.95,34512.94941490279,34875.0,34471.0
745,34655.4,34433.1,34655.4,34046.9,11335.96,2023-10-30 16:00:00,34447.700000000004,34480.32470745139,34655.4,34046.9
746,34434.9,34478.1,34577.3,34319.2,3268.97,2023-10-30 20:00:00,34452.375,34466.3498537257,34577.3,34319.2
747,34478.1,34207.6,34615.4,34201.0,5314.83,2023-10-31 00:00:00,34375.525,34420.937426862845,34615.4,34201.0
748,34207.6,34145.1,34349.7,34080.8,6065.62,2023-10-31 04:00:00,34195.799999999996,34308.368713431424,34349.7,34080.8
749,34145.0,34493.3,34551.1,34028.4,8470.96,2023-10-31 08:00:00,34304.45,34306.40935671571,34551.1,34028.4
750,34493.2,34276.6,34523.3,34125.7,11015.27,2023-10-31 12:00:00,34354.7,34330.554678357854,34523.3,34125.7
751,34276.7,34544.4,34605.6,34227.8,7286.74,2023-10-31 16:00:00,34413.625,34372.08983917892,34605.6,34227.8
752,34542.6,34647.0,34736.8,34430.3,6785.92,2023-10-31 20:00:00,34589.175,34480.63241958946,34736.8,34430.3
753,34646.0,34425.9,34678.3,34405.0,4719.8,2023-11-01 00:00:00,34538.8,34509.71620979473,34678.3,34405.0
754,34426.5,34454.3,34509.7,34327.1,3729.72,2023-11-01 04:00:00,34429.399999999994,34469.55810489736,34509.7,34327.1
755,34456.0,34433.1,34508.2,34346.6,3284.88,2023-11-01 08:00:00,34435.975,34452.76655244868,34508.2,34346.6
756,34433.9,34288.7,35223.2,34066.2,32366.46,2023-11-01 12:00:00,34503.0,34477.88327622434,35223.2,34066.2
757,34288.6,34562.2,34750.0,34281.8,13929.41,2023-11-01 16:00:00,34470.65,34474.26663811217,34750.0,34281.8
758,34562.3,35426.3,35716.7,34536.4,22815.48,2023-11-01 20:00:00,35060.425,34767.345819056085,35716.7,34536.4
759,35426.2,35577.9,36022.3,35371.5,15464.51,2023-11-02 00:00:00,35599.475,35183.41040952804,36022.3,35183.41040952804
760,35578.0,35285.0,35614.2,35069.2,12129.67,2023-11-02 04:00:00,35386.6,35285.00520476402,35614.2,35069.2
761,35284.3,35381.3,35486.0,35096.0,7307.26,2023-11-02 08:00:00,35311.9,35298.45260238201,35486.0,35096.0
762,35380.0,34636.9,35468.8,34538.2,22085.01,2023-11-02 12:00:00,35005.975,35152.213801191,35468.8,34538.2
763,34636.8,34986.0,35016.0,34292.4,13136.78,2023-11-02 16:00:00,34732.8,34942.5069005955,35016.0,34292.4
764,34994.0,34941.0,35096.9,34701.5,7882.56,2023-11-02 20:00:00,34933.35,34937.92845029775,35096.9,34701.5
765,34940.9,34678.0,34943.0,34360.1,10544.42,2023-11-03 00:00:00,34730.5,34834.21422514888,34943.0,34360.1
766,34677.5,34470.5,34694.3,34295.4,8728.81,2023-11-03 04:00:00,34534.425,34684.31961257444,34694.3,34295.4
767,34470.6,34260.1,34619.0,34129.0,11239.44,2023-11-03 08:00:00,34369.675,34526.99730628722,34619.0,34129.0
768,34261.9,34752.0,34845.0,34157.5,12723.2,2023-11-03 12:00:00,34504.1,34515.54865314361,34845.0,34157.5
769,34754.5,34519.9,34824.6,34316.1,8708.33,2023-11-03 16:00:00,34603.775,34559.661826571806,34824.6,34316.1
770,34520.4,34705.9,34734.9,34475.2,3170.64,2023-11-03 20:00:00,34609.1,34584.3809132859,34734.9,34475.2
771,34706.1,34705.1,34780.9,34626.0,2774.26,2023-11-04 00:00:00,34704.525,34644.452956642956,34780.9,34626.0
772,34705.2,34768.9,35018.8,34582.7,5934.25,2023-11-04 04:00:00,34768.9,34706.676478321475,35018.8,34582.7
773,34768.9,34710.5,34879.1,34677.9,3235.28,2023-11-04 08:00:00,34759.1,34732.88823916073,34879.1,34677.9
774,34710.4,34707.5,34800.0,34641.8,2453.95,2023-11-04 12:00:00,34714.925,34723.90661958037,34800.0,34641.8
775,34707.6,34720.1,34786.6,34684.7,2170.64,2023-11-04 16:00:00,34724.75,34724.32830979019,34786.6,34684.7
776,34720.0,35061.7,35262.0,34700.2,6622.69,2023-11-04 20:00:00,34935.975,34830.15165489509,35262.0,34700.2
777,35061.6,35279.4,35309.8,34930.0,4730.75,2023-11-05 00:00:00,35145.2,34987.67582744754,35309.8,34930.0
778,35279.4,35163.7,35311.3,35045.0,4840.93,2023-11-05 04:00:00,35199.850000000006,35093.762913723775,35311.3,35045.0
779,35163.6,35095.2,35195.0,35013.8,3022.59,2023-11-05 08:00:00,35116.9,35105.33145686189,35195.0,35013.8
780,35095.1,34885.3,35176.2,34763.6,6509.96,2023-11-05 12:00:00,34980.05,35042.69072843094,35176.2,34763.6
781,34885.4,34989.2,35289.9,34869.1,5871.19,2023-11-05 16:00:00,35008.399999999994,35025.54536421547,35289.9,34869.1
782,34989.2,35015.9,35397.6,34405.2,11170.43,2023-11-05 20:00:00,34951.975,34988.76018210773,35397.6,34405.2
783,35018.3,34980.2,35124.8,34830.0,5403.78,2023-11-06 00:00:00,34988.325,34988.54259105386,35124.8,34830.0
784,34980.2,34905.9,35030.2,34731.4,3676.26,2023-11-06 04:00:00,34911.924999999996,34950.23379552693,35030.2,34731.4
785,34905.8,35249.8,35286.0,34826.1,7351.22,2023-11-06 08:00:00,35066.925,35008.57939776347,35286.0,34826.1
786,35249.8,35081.5,35272.2,34907.8,10599.42,2023-11-06 12:00:00,35127.825,35068.20219888173,35272.2,34907.8
787,35082.0,35066.7,35115.1,34808.7,6350.82,2023-11-06 16:00:00,35018.125,35043.163599440864,35115.1,34808.7
788,35066.6,35049.9,35150.9,34895.4,3817.3,2023-11-06 20:00:00,35040.7,35041.931799720434,35150.9,34895.4
789,35049.9,34920.9,35059.3,34802.0,4795.37,2023-11-07 00:00:00,34958.025,34999.97839986022,35059.3,34802.0
790,34920.8,34939.9,34977.7,34830.9,2821.52,2023-11-07 04:00:00,34917.325,34958.65169993011,34977.7,34830.9
791,34939.9,34627.4,34982.3,34555.2,10839.35,2023-11-07 08:00:00,34776.200000000004,34867.42584996506,34982.3,34555.2
792,34627.4,34721.1,34843.6,34512.2,8717.74,2023-11-07 12:00:00,34676.075,34771.75042498253,34843.6,34512.2
793,34721.1,35457.5,35580.0,34557.0,21334.35,2023-11-07 16:00:00,35078.9,34925.32521249127,35580.0,34557.0
794,35458.0,35400.0,35906.4,35201.0,16682.84,2023-11-07 20:00:00,35491.35,35208.33760624564,35906.4,35201.0
795,35400.0,35275.3,35425.0,35233.7,4065.71,2023-11-08 00:00:00,35333.5,35270.91880312282,35425.0,35233.7
796,35275.2,35227.2,35363.7,35166.0,4466.85,2023-11-08 04:00:00,35258.024999999994,35264.47190156141,35363.7,35166.0
797,35227.1,35329.1,35437.0,35185.3,4745.79,2023-11-08 08:00:00,35294.625,35279.548450780705,35437.0,35185.3
798,35329.1,35219.1,35469.2,35093.0,8866.5,2023-11-08 12:00:00,35277.6,35278.57422539035,35469.2,35093.0
799,35219.1,35624.0,35773.8,35180.9,12566.61,2023-11-08 16:00:00,35449.45,35364.01211269517,35773.8,35180.9
800,35623.9,35618.4,36122.1,35380.6,26393.45,2023-11-08 20:00:00,35686.25,35525.131056347585,36122.1,35380.6
801,35616.7,36441.6,36619.5,35533.1,21820.55,2023-11-09 00:00:00,36052.725,35788.92802817379,36619.5,35533.1
802,36441.4,36541.9,36868.6,36414.0,15330.11,2023-11-09 04:00:00,36566.475,36177.70151408689,36868.6,36177.70151408689
803,36541.5,36814.1,37007.4,36540.7,13640.32,2023-11-09 08:00:00,36725.924999999996,36451.81325704344,37007.4,36451.81325704344
804,36814.4,37125.7,38070.0,36764.1,46583.47,2023-11-09 12:00:00,37193.55,36822.68162852172,38070.0,36764.1
805,37126.5,36381.8,37252.0,35625.3,35338.23,2023-11-09 16:00:00,36596.4,36709.540814260865,37252.0,35625.3
806,36381.8,36702.1,36777.7,36138.0,12318.33,2023-11-09 20:00:00,36499.9,36604.72040713043,36777.7,36138.0
807,36702.9,36741.0,36926.6,36452.9,7353.66,2023-11-10 00:00:00,36705.85,36655.28520356522,36926.6,36452.9
808,36741.2,36461.8,36814.9,36450.7,5899.56,2023-11-10 04:00:00,36617.15,36636.21760178261,36814.9,36450.7
809,36461.7,37077.1,37134.0,36334.1,12546.91,2023-11-10 08:00:00,36751.725,36693.97130089131,37134.0,36334.1
810,37077.2,37079.4,37252.7,36814.8,16925.25,2023-11-10 12:00:00,37056.025,36874.99815044565,37252.7,36814.8
811,37079.3,37242.1,37460.0,37079.3,10525.59,2023-11-10 16:00:00,37215.175,37045.08657522283,37460.0,37045.08657522283
812,37242.2,37311.3,37554.2,37083.0,6640.77,2023-11-10 20:00:00,37297.675,37171.380787611415,37554.2,37083.0
813,37311.2,37046.6,37402.0,36905.4,6852.35,2023-11-11 00:00:00,37166.3,37168.84039380571,37402.0,36905.4
814,37046.9,37017.0,37142.2,36926.6,4021.21,2023-11-11 04:00:00,37033.175,37101.00769690286,37142.2,36926.6
815,37017.1,37001.4,37073.3,36912.7,3470.8,2023-11-11 08:00:00,37001.125,37051.06634845143,37073.3,36912.7
816,37001.4,37049.8,37275.0,36959.3,5802.62,2023-11-11 12:00:00,37071.375,37061.22067422571,37275.0,36959.3
817,37049.8,37160.3,37186.0,37032.6,2789.48,2023-11-11 16:00:00,37107.175,37084.19783711286,37186.0,37032.6
818,37160.3,37138.3,37168.4,36635.9,7097.98,2023-11-11 20:00:00,37025.725000000006,37054.96141855643,37168.4,36635.9
819,37138.3,36991.3,37192.9,36729.9,4948.56,2023-11-12 00:00:00,37013.100000000006,37034.03070927822,37192.9,36729.9
820,36991.3,37133.2,37177.4,36910.1,3227.18,2023-11-12 04:00:00,37053.0,37043.51535463911,37177.4,36910.1
821,37133.3,37064.6,37147.7,37036.8,2268.0,2023-11-12 08:00:00,37095.6,37069.55767731955,37147.7,37036.8
822,37064.5,37153.9,37228.2,36933.2,5344.61,2023-11-12 12:00:00,37094.95,37082.25383865977,37228.2,36933.2
823,37154.0,37111.5,37227.1,37059.2,2665.4,2023-11-12 16:00:00,37137.95,37110.101919329885,37227.1,37059.2
824,37111.5,37065.1,37221.0,36940.1,3306.9,2023-11-12 20:00:00,37084.425,37097.263459664944,37221.0,36940.1
825,37065.1,36937.3,37438.0,36860.0,9374.68,2023-11-13 00:00:00,37075.100000000006,37086.181729832475,37438.0,36860.0
826,36936.4,36960.5,37050.8,36760.0,5947.15,2023-11-13 04:00:00,36926.925,37006.55336491624,37050.8,36760.0
827,36960.8,36818.0,37042.9,36683.9,4641.86,2023-11-13 08:00:00,36876.4,36941.47668245812,37042.9,36683.9
828,36818.0,36851.9,36950.9,36532.9,12533.83,2023-11-13 12:00:00,36788.424999999996,36864.95084122906,36950.9,36532.9
829,36851.9,36852.2,37041.8,36606.1,7365.67,2023-11-13 16:00:00,36838.0,36851.47542061453,37041.8,36606.1
830,36852.3,36461.0,36884.2,36330.0,10522.41,2023-11-13 20:00:00,36631.875,36741.675210307265,36884.2,36330.0
831,36460.9,36449.9,36489.0,36201.0,7406.41,2023-11-14 00:00:00,36400.2,36570.93760515363,36570.93760515363,36201.0
832,36449.9,36684.1,36717.4,36380.3,4011.49,2023-11-14 04:00:00,36557.925,36564.43130257682,36717.4,36380.3
833,36684.3,36264.7,36756.9,36238.5,9256.64,2023-11-14 08:00:00,36486.100000000006,36525.26565128841,36756.9,36238.5
834,36264.9,36148.5,36696.6,35794.0,20963.92,2023-11-14 12:00:00,36226.0,36375.63282564421,36696.6,35794.0
835,36148.2,35285.1,36428.1,34566.2,27031.59,2023-11-14 16:00:00,35606.899999999994,35991.2664128221,36428.1,34566.2
836,35285.0,35538.5,35664.9,35206.7,8473.33,2023-11-14 20:00:00,35423.774999999994,35707.520706411044,35707.520706411044,35206.7
837,35536.6,35386.8,35658.4,35362.9,4900.4,2023-11-15 00:00:00,35486.175,35596.84785320552,35658.4,35362.9
838,35386.7,35577.2,35661.6,35377.0,3889.6,2023-11-15 04:00:00,35500.625,35548.73642660276,35661.6,35377.0
839,35577.7,36233.6,36280.0,35577.7,13505.32,2023-11-15 08:00:00,35917.25,35732.99321330138,36280.0,35577.7
840,36237.1,36401.2,36417.2,36006.3,13561.36,2023-11-15 12:00:00,36265.45,35999.22160665069,36417.2,35999.22160665069
841,36401.8,37509.4,37808.5,36243.9,37256.27,2023-11-15 16:00:00,36990.9,36495.060803325345,37808.5,36243.9
842,37510.0,37867.8,37977.7,37313.6,17817.49,2023-11-15 20:00:00,37667.274999999994,37081.16790166267,37977.7,37081.16790166267
843,37867.8,37461.2,37941.4,37342.1,10664.44,2023-11-16 00:00:00,37653.125,37367.14645083134,37941.4,37342.1
844,37461.2,37439.6,37619.2,37333.0,6301.87,2023-11-16 04:00:00,37463.25,37415.19822541567,37619.2,37333.0
845,37439.8,37257.4,37550.7,37138.5,11813.46,2023-11-16 08:00:00,37346.6,37380.89911270783,37550.7,37138.5
846,37257.1,36400.0,37330.7,36235.5,27825.53,2023-11-16 12:00:00,36805.825,37093.362056353915,37330.7,36235.5
847,36400.1,35915.8,36638.0,35481.6,23101.16,2023-11-16 16:00:00,36108.875,36601.11852817696,36638.0,35481.6
848,35915.7,36157.3,36262.5,35653.7,12892.95,2023-11-16 20:00:00,35997.3,36299.20926408848,36299.20926408848,35653.7
849,36157.3,36481.9,36662.3,36090.7,9582.92,2023-11-17 00:00:00,36348.05,36323.62963204424,36662.3,36090.7
850,36481.8,36237.2,36526.9,36153.4,7386.68,2023-11-17 04:00:00,36349.825,36336.72731602212,36526.9,36153.4
851,36237.3,36371.5,36461.4,36117.8,8992.85,2023-11-17 08:00:00,36297.0,36316.86365801106,36461.4,36117.8
852,36371.4,36041.6,36612.0,35853.2,17663.26,2023-11-17 12:00:00,36219.549999999996,36268.20682900553,36612.0,35853.2
853,36041.4,36321.2,36789.9,35907.7,17782.42,2023-11-17 16:00:00,36265.05,36266.62841450277,36789.9,35907.7
854,36321.1,36610.2,36727.3,36303.2,5936.02,2023-11-17 20:00:00,36490.45,36378.53920725138,36727.3,36303.2
855,36609.4,36372.1,36611.2,36354.5,3312.0,2023-11-18 00:00:00,36486.8,36432.66960362569,36611.2,36354.5
856,36372.3,36412.3,36423.8,36181.3,4056.02,2023-11-18 04:00:00,36347.425,36390.04730181285,36423.8,36181.3
857,36412.3,36400.4,36531.8,36374.6,3468.72,2023-11-18 08:00:00,36429.775,36409.911150906424,36531.8,36374.6
858,36400.5,36654.9,36677.1,36353.0,4734.3,2023-11-18 12:00:00,36521.375,36465.64307545321,36677.1,36353.0
859,36655.1,36675.2,36844.0,36590.3,5877.2,2023-11-18 16:00:00,36691.15,36578.39653772661,36844.0,36578.39653772661
860,36674.9,36570.0,36705.0,36439.0,3565.97,2023-11-18 20:00:00,36597.225,36587.8107688633,36705.0,36439.0
861,36570.0,36515.7,36578.8,36388.3,3143.22,2023-11-19 00:00:00,36513.2,36550.50538443165,36578.8,36388.3
862,36515.6,36611.0,36671.0,36485.2,3000.73,2023-11-19 04:00:00,36570.7,36560.60269221582,36671.0,36485.2
863,36610.9,36447.2,36706.6,36374.6,4566.34,2023-11-19 08:00:00,36534.825,36547.71384610791,36706.6,36374.6
864,36447.3,36565.0,36569.4,36375.4,4244.79,2023-11-19 12:00:00,36489.275,36518.494423053955,36569.4,36375.4
865,36564.9,36945.0,36987.8,36509.1,6772.05,2023-11-19 16:00:00,36751.700000000004,36635.09721152698,36987.8,36509.1
866,36949.2,37367.9,37511.1,36798.8,12696.64,2023-11-19 20:00:00,37156.75,36895.92360576349,37511.1,36798.8
867,37367.9,37124.9,37388.2,37045.2,7684.05,2023-11-20 00:00:00,37231.55,37063.736802881744,37388.2,37045.2
868,37125.0,37246.3,37265.1,37046.7,4294.33,2023-11-20 04:00:00,37170.775,37117.255901440876,37265.1,37046.7
869,37248.8,37153.2,37429.5,37068.0,8669.35,2023-11-20 08:00:00,37224.875,37171.06545072044,37429.5,37068.0
870,37153.1,37463.4,37512.5,36706.9,17493.52,2023-11-20 12:00:00,37208.975,37190.02022536022,37512.5,36706.9
871,37463.1,37571.5,37763.5,36828.6,25075.79,2023-11-20 16:00:00,37406.675,37298.34761268011,37763.5,36828.6
872,37571.5,37453.1,37616.8,37267.7,7282.34,2023-11-20 20:00:00,37477.275,37387.81130634005,37616.8,37267.7
873,37453.1,37469.6,37666.4,37311.3,6667.6,2023-11-21 00:00:00,37475.1,37431.45565317002,37666.4,37311.3
874,37469.5,37283.0,37488.7,37239.4,4391.81,2023-11-21 04:00:00,37370.15,37400.802826585015,37488.7,37239.4
875,37283.0,37174.3,37424.6,37151.0,4666.17,2023-11-21 08:00:00,37258.225000000006,37329.51391329251,37424.6,37151.0
876,37174.2,36967.2,37231.2,36231.7,35449.76,2023-11-21 12:00:00,36901.075,37115.294456646254,37231.2,36231.7
877,36967.0,36974.9,37513.7,36614.3,27287.67,2023-11-21 16:00:00,37017.475,37066.38472832313,37513.7,36614.3
878,36974.9,35738.3,37164.2,35724.2,22583.06,2023-11-21 20:00:00,36400.4,36733.39236416157,37164.2,35724.2
879,35737.1,36377.4,36383.6,35634.0,12010.75,2023-11-22 00:00:00,36033.025,36383.20868208079,36383.6,35634.0
880,36377.6,36437.8,36559.3,36319.1,6835.93,2023-11-22 04:00:00,36423.45,36403.32934104039,36559.3,36319.1
881,36437.8,36475.9,36781.8,36394.4,9446.4,2023-11-22 08:00:00,36522.475,36462.902170520196,36781.8,36394.4
882,36473.2,36480.9,36659.9,36239.7,13374.09,2023-11-22 12:00:00,36463.425,36463.1635852601,36659.9,36239.7
883,36480.9,37291.5,37447.2,36368.9,20045.72,2023-11-22 16:00:00,36897.125,36680.14429263005,37447.2,36368.9
884,37291.6,37417.4,37879.9,37221.6,18903.14,2023-11-22 20:00:00,37452.625,37066.384646315026,37879.9,37066.384646315026
885,37417.9,37315.4,37550.0,37268.3,5750.3,2023-11-23 00:00:00,37387.9,37227.14232315752,37550.0,37227.14232315752
886,37315.4,37380.0,37427.5,37280.0,3479.21,2023-11-23 04:00:00,37350.725,37288.93366157876,37427.5,37280.0
887,37380.0,37384.1,37655.0,37154.4,10441.33,2023-11-23 08:00:00,37393.375,37341.15433078938,37655.0,37154.4
888,37385.0,36952.0,37540.0,36867.7,12729.03,2023-11-23 12:00:00,37186.175,37263.664665394695,37540.0,36867.7
889,36952.1,37280.7,37349.5,36924.7,7271.5,2023-11-23 16:00:00,37126.75,37195.20733269735,37349.5,36924.7
890,37280.9,37294.8,37392.7,37206.0,3920.29,2023-11-23 20:00:00,37293.600000000006,37244.40366634868,37392.7,37206.0
891,37295.0,37315.5,37484.3,37256.5,4732.09,2023-11-24 00:00:00,37337.825,37291.11433317434,37484.3,37256.5
892,37315.5,37530.4,37582.6,37300.2,3920.94,2023-11-24 04:00:00,37432.175,37361.64466658717,37582.6,37300.2
893,37530.5,37753.1,38173.1,37434.7,22928.01,2023-11-24 08:00:00,37722.85,37542.247333293584,38173.1,37434.7
894,37753.6,38226.1,38427.5,37602.2,24434.17,2023-11-24 12:00:00,38002.35,37772.29866664679,38427.5,37602.2
895,38225.8,37758.0,38354.4,37573.1,17718.08,2023-11-24 16:00:00,37977.825000000004,37875.0618333234,38354.4,37573.1
896,37757.9,37712.5,37942.9,37573.0,5701.26,2023-11-24 20:00:00,37746.575,37810.8184166617,37942.9,37573.0
897,37712.5,37800.1,37845.4,37675.5,3235.27,2023-11-25 00:00:00,37758.375,37784.59670833085,37845.4,37675.5
898,37800.3,37802.8,37834.8,37720.0,2082.81,2023-11-25 04:00:00,37789.475000000006,37787.03585416543,37834.8,37720.0
899,37802.7,37772.8,37833.2,37762.4,406.64,2023-11-25 08:00:00,37792.774999999994,37789.90542708271,37833.2,37762.4
